file_asal,folder_asal,judul,kategori,file_tujuan
2018/sk-yudisium-gasal-2017-2018.pdf,2018,SK YUDISIUM GASAL 2017-2018,05_Surat Keputusan (SK)/Yudisium,05_Surat Keputusan (SK)/Yudisium/sk-yudisium-gasal-2017-2018.pdf
2018/sk-yudisium-genap-2017-2018.pdf,2018,SK YUDISIUM GENAP 2017-2018,05_Surat Keputusan (SK)/Yudisium,05_Surat Keputusan (SK)/Yudisium/sk-yudisium-genap-2017-2018.pdf
2019/sk-yudisium-gasal-2018-2019-2.pdf,2019,SK YUDISIUM GASAL 2018-2019,05_Surat Keputusan (SK)/Yudisium,05_Surat Keputusan (SK)/Yudisium/sk-yudisium-gasal-2018-2019-2.pdf
2019/sk-yudisium-genap-2018-2019-2.pdf,2019,SK YUDISIUM GENAP 2018-2019,05_Surat Keputusan (SK)/Yudisium,05_Surat Keputusan (SK)/Yudisium/sk-yudisium-genap-2018-2019-2.pdf
2020/sk-yudisium-gasal-2019-2020.pdf,2020,SK YUDISIUM GASAL 2019-2020,05_Surat Keputusan (SK)/Yudisium,05_Surat Keputusan (SK)/Yudisium/sk-yudisium-gasal-2019-2020.pdf
2020/sk-yudisium-genap-2019-2020-1.pdf,2020,SK YUDISIUM GENAP 2019-2020 (1),05_Surat Keputusan (SK)/Yudisium,05_Surat Keputusan (SK)/Yudisium/sk-yudisium-genap-2019-2020-1.pdf
2020/sk-yudisium-genap-2019-2020-2.pdf,2020,SK YUDISIUM GENAP 2019-2020 (2),05_Surat Keputusan (SK)/Yudisium,05_Surat Keputusan (SK)/Yudisium/sk-yudisium-genap-2019-2020-2.pdf
2021/sk-yudisium-gasal-2020-2021.pdf,2021,SK YUDISIUM GASAL 2020-2021,05_Surat Keputusan (SK)/Yudisium,05_Surat Keputusan (SK)/Yudisium/sk-yudisium-gasal-2020-2021.pdf
2021/sk-yudisium-genap-2020-2021.pdf,2021,SK YUDISIUM GENAP 2020-2021,05_Surat Keputusan (SK)/Yudisium,05_Surat Keputusan (SK)/Yudisium/sk-yudisium-genap-2020-2021.pdf
2022/1-sk-yudisium-gasal-2021-2022.pdf,2022,1. SK-YUDISIUM-GASAL-2021-2022,05_Surat Keputusan (SK)/Yudisium,05_Surat Keputusan (SK)/Yudisium/1-sk-yudisium-gasal-2021-2022.pdf
2022/2-sk-yudisium-1-genap-2021-2022.pdf,2022,2. SK-YUDISIUM-1-GENAP-2021-2022,05_Surat Keputusan (SK)/Yudisium,05_Surat Keputusan (SK)/Yudisium/2-sk-yudisium-1-genap-2021-2022.pdf
2022/3-sk-yudisium-2-genap-2021-2022.pdf,2022,3. SK-YUDISIUM-2-GENAP-2021-2022,05_Surat Keputusan (SK)/Yudisium,05_Surat Keputusan (SK)/Yudisium/3-sk-yudisium-2-genap-2021-2022.pdf
2023/1-sk-yudisium-1-periode-maret-2023.pdf,2023,1. SK YUDISIUM-1 (PERIODE MARET 2023),05_Surat Keputusan (SK)/Yudisium,05_Surat Keputusan (SK)/Yudisium/1-sk-yudisium-1-periode-maret-2023.pdf
2023/2-sk-yudisium-2-periode-maret-2023.pdf,2023,2. SK YUDISIUM 2 (PERIODE MARET 2023),05_Surat Keputusan (SK)/Yudisium,05_Surat Keputusan (SK)/Yudisium/2-sk-yudisium-2-periode-maret-2023.pdf
2023/3-sk-yudisium-3-tanggal-26-april-2023-sem-gasal-2022-2023.pdf,2023,3. SK-YUDISIUM-3-TANGGAL-26 APRIL 2023-SEM GASAL 2022-2023,05_Surat Keputusan (SK)/Yudisium,05_Surat Keputusan (SK)/Yudisium/3-sk-yudisium-3-tanggal-26-april-2023-sem-gasal-2022-2023.pdf
2023/4-sk-yudisium-1-periode-september-2023.pdf,2023,4. SK YUDISIUM-1-PERIODE-SEPTEMBER-2023,05_Surat Keputusan (SK)/Yudisium,05_Surat Keputusan (SK)/Yudisium/4-sk-yudisium-1-periode-september-2023.pdf
2023/5-sk-yudisium-2-periode-september-2023.pdf,2023,5. SK YUDISIUM-2-PERIODE-SEPTEMBER-2023,05_Surat Keputusan (SK)/Yudisium,05_Surat Keputusan (SK)/Yudisium/5-sk-yudisium-2-periode-september-2023.pdf
2024/sk-yudisium-1-wisuda-maret-2024.pdf,2024,SK YUDISIUM 1 WISUDA MARET 2024,05_Surat Keputusan (SK)/Yudisium,05_Surat Keputusan (SK)/Yudisium/sk-yudisium-1-wisuda-maret-2024.pdf
2024/sk-yudisium-1-wisuda-oktober-2024.pdf,2024,SK YUDISIUM 1 WISUDA OKTOBER 2024,05_Surat Keputusan (SK)/Yudisium,05_Surat Keputusan (SK)/Yudisium/sk-yudisium-1-wisuda-oktober-2024.pdf
2024/sk-yudisium-2-wisuda-maret-2024.pdf,2024,SK YUDISIUM 2 WISUDA MARET 2024,05_Surat Keputusan (SK)/Yudisium,05_Surat Keputusan (SK)/Yudisium/sk-yudisium-2-wisuda-maret-2024.pdf
2024/sk-yudisum-2-wisuda-oktober-2024.pdf,2024,SK YUDISUM 2 WISUDA OKTOBER 2024,05_Surat Keputusan (SK)/Yudisium,05_Surat Keputusan (SK)/Yudisium/sk-yudisum-2-wisuda-oktober-2024.pdf
2024/sk-yudisum-s2-genap-2023-2024.pdf,2024,SK-YUDISUM-S2-GENAP-2023-2024,05_Surat Keputusan (SK)/Yudisium,05_Surat Keputusan (SK)/Yudisium/sk-yudisum-s2-genap-2023-2024.pdf
2025/sk-yudisium-1-genap-2024-2025-juni-2025.pdf,2025,SK YUDISIUM 1 GENAP 2024-2025 (Juni 2025),05_Surat Keputusan (SK)/Yudisium,05_Surat Keputusan (SK)/Yudisium/sk-yudisium-1-genap-2024-2025-juni-2025.pdf
2025/sk-yudisium-1-wisuda-april-2025.pdf,2025,SK YUDISIUM 1 (WISUDA APRIL 2025),05_Surat Keputusan (SK)/Yudisium,05_Surat Keputusan (SK)/Yudisium/sk-yudisium-1-wisuda-april-2025.pdf
2025/sk-yudisium-2-genap-2024-2025-agustus-2025.pdf,2025,SK YUDISIUM 2 GENAP 2024-2025 (Agustus 2025),05_Surat Keputusan (SK)/Yudisium,05_Surat Keputusan (SK)/Yudisium/sk-yudisium-2-genap-2024-2025-agustus-2025.pdf
2025/sk-yudisium-2-wisuda-april-2025.pdf,2025,SK YUDISIUM 2 (WISUDA APRIL 2025),05_Surat Keputusan (SK)/Yudisium,05_Surat Keputusan (SK)/Yudisium/sk-yudisium-2-wisuda-april-2025.pdf
2025/sk-yudisium-3-10-spetember-2025.pdf,2025,SK YUDISIUM 3 (10 SPETEMBER 2025),05_Surat Keputusan (SK)/Yudisium,05_Surat Keputusan (SK)/Yudisium/sk-yudisium-3-10-spetember-2025.pdf
2025/sk-yudisium-sem-genap-2024-2025.pdf,2025,SK YUDISIUM SEM GENAP 2024-2025,05_Surat Keputusan (SK)/Yudisium,05_Surat Keputusan (SK)/Yudisium/sk-yudisium-sem-genap-2024-2025.pdf
2026/sk-penetapan-registrasi-nrp-maba-2026.pdf,2026,SK PENETAPAN REGISTRASI (NRP) MABA 2026,05_Surat Keputusan (SK)/Penerimaan Mahasiswa Baru,05_Surat Keputusan (SK)/Penerimaan Mahasiswa Baru/sk-penetapan-registrasi-nrp-maba-2026.pdf
2026/sk-penetapan-ukt-maba-2026.pdf,2026,SK PENETAPAN UKT MABA 2026,05_Surat Keputusan (SK)/Penerimaan Mahasiswa Baru,05_Surat Keputusan (SK)/Penerimaan Mahasiswa Baru/sk-penetapan-ukt-maba-2026.pdf
2026/sk-petunjuk-teknis-pmb-pens-2026-2027-3.pdf,2026,SK PETUNJUK TEKNIS PMB PENS 2026-2027 (3),05_Surat Keputusan (SK)/Penerimaan Mahasiswa Baru,05_Surat Keputusan (SK)/Penerimaan Mahasiswa Baru/sk-petunjuk-teknis-pmb-pens-2026-2027-3.pdf
2026/sk-yudisium-1-14-januari-2026-rev.pdf,2026,SK YUDISIUM 1 (14 JANUARI 2026)-REV,05_Surat Keputusan (SK)/Yudisium,05_Surat Keputusan (SK)/Yudisium/sk-yudisium-1-14-januari-2026-rev.pdf
2026/sk-yudisium-3-wisuda-ke-26-12-februari-2026.pdf,2026,SK YUDISIUM 3 WISUDA KE 26 (12 FEBRUARI 2026),05_Surat Keputusan (SK)/Yudisium,05_Surat Keputusan (SK)/Yudisium/sk-yudisium-3-wisuda-ke-26-12-februari-2026.pdf
2026/sk-yudisium-ii-sem-gasal-2025-2026.pdf,2026,SK YUDISIUM II SEM GASAL 2025-2026,05_Surat Keputusan (SK)/Yudisium,05_Surat Keputusan (SK)/Yudisium/sk-yudisium-ii-sem-gasal-2025-2026.pdf
2026/usulan-penomoran-registrasi-pokok-nrp-mahasiswa-baru-oke-pasca-senat-pens.pdf,2026,Usulan Penomoran Registrasi Pokok (NRP) Mahasiswa Baru oke pasca Senat PENS,"08_Surat (Keterangan, Pernyataan, Permohonan)","08_Surat (Keterangan, Pernyataan, Permohonan)/usulan-penomoran-registrasi-pokok-nrp-mahasiswa-baru-oke-pasca-senat-pens.pdf"
Akademik/1-daftar-ulang-maba.pdf,Akademik,1. DAFTAR ULANG MABA,"14_SOP, POB & Standar Pelayanan","14_SOP, POB & Standar Pelayanan/1-daftar-ulang-maba.pdf"
Akademik/1-pob-pengisian-frs-2.pdf,Akademik,(1) POB PENGISIAN FRS,"14_SOP, POB & Standar Pelayanan","14_SOP, POB & Standar Pelayanan/1-pob-pengisian-frs-2.pdf"
Akademik/1-pob-pengisian-frs.pdf,Akademik,(1) POB PENGISIAN FRS,"14_SOP, POB & Standar Pelayanan","14_SOP, POB & Standar Pelayanan/1-pob-pengisian-frs.pdf"
Akademik/10-frs-2.pdf,Akademik,10-FRS,"14_SOP, POB & Standar Pelayanan","14_SOP, POB & Standar Pelayanan/10-frs-2.pdf"
Akademik/11-legalisasi-transkrip-dan-ijazah-luring.pdf,Akademik,11. Legalisasi Transkrip Dan Ijazah LURING,"14_SOP, POB & Standar Pelayanan","14_SOP, POB & Standar Pelayanan/11-legalisasi-transkrip-dan-ijazah-luring.pdf"
Akademik/11-semester-antara-2.pdf,Akademik,11-SEMESTER ANTARA,"14_SOP, POB & Standar Pelayanan","14_SOP, POB & Standar Pelayanan/11-semester-antara-2.pdf"
Akademik/12-legalisasi-transkrip-dan-ijazah-daring.pdf,Akademik,12. Legalisasi Transkrip Dan Ijazah DARING,"14_SOP, POB & Standar Pelayanan","14_SOP, POB & Standar Pelayanan/12-legalisasi-transkrip-dan-ijazah-daring.pdf"
Akademik/12-pin-2.pdf,Akademik,12-PIN,"14_SOP, POB & Standar Pelayanan","14_SOP, POB & Standar Pelayanan/12-pin-2.pdf"
Akademik/13-cetak-ijazah-transkrip-2.pdf,Akademik,13-CETAK IJAZAH &amp; TRANSKRIP,"14_SOP, POB & Standar Pelayanan","14_SOP, POB & Standar Pelayanan/13-cetak-ijazah-transkrip-2.pdf"
Akademik/13-penataan-arsip-dokumen.pdf,Akademik,13. Penataan Arsip Dokumen,"14_SOP, POB & Standar Pelayanan","14_SOP, POB & Standar Pelayanan/13-penataan-arsip-dokumen.pdf"
Akademik/14-mengelola-tata-usaha-masing-masing-program-studi.pdf,Akademik,14. Mengelola Tata Usaha Masing-Masing Program Studi,"14_SOP, POB & Standar Pelayanan","14_SOP, POB & Standar Pelayanan/14-mengelola-tata-usaha-masing-masing-program-studi.pdf"
Akademik/15-mengelola-surat-menyurat-adm-program-studi.pdf,Akademik,15. MENGELOLA SURAT MENYURAT ADM.PROGRAM STUDI,"14_SOP, POB & Standar Pelayanan","14_SOP, POB & Standar Pelayanan/15-mengelola-surat-menyurat-adm-program-studi.pdf"
Akademik/16-mengelola-data-tenaga-akademis-prodi-dan-cv.pdf,Akademik,16. Mengelola Data Tenaga Akademis Prodi dan CV,"14_SOP, POB & Standar Pelayanan","14_SOP, POB & Standar Pelayanan/16-mengelola-data-tenaga-akademis-prodi-dan-cv.pdf"
Akademik/17-pob-membuat-surat-usulan-ijin-cuti-do-dan-md.pdf,Akademik,"17. POB Membuat Surat Usulan Ijin Cuti, DO dan MD","14_SOP, POB & Standar Pelayanan","14_SOP, POB & Standar Pelayanan/17-pob-membuat-surat-usulan-ijin-cuti-do-dan-md.pdf"
Akademik/18-surat-peringatan-ke-mahasiswa-dosen-wali.pdf,Akademik,18. SURAT PERINGATAN KE MAHASISWA &amp; DOSEN WALI,"14_SOP, POB & Standar Pelayanan","14_SOP, POB & Standar Pelayanan/18-surat-peringatan-ke-mahasiswa-dosen-wali.pdf"
Akademik/19-form-surat-usulan-perubahan-penambahan-frs-2.pdf,Akademik,19-FORM-SURAT-USULAN-PERUBAHAN-PENAMBAHAN-FRS,"14_SOP, POB & Standar Pelayanan","14_SOP, POB & Standar Pelayanan/19-form-surat-usulan-perubahan-penambahan-frs-2.pdf"
Akademik/19-memberikan-informasi-ke-kaprodi-mahasiswa-yang-bermasalah.pdf,Akademik,19. Memberikan Informasi ke Kaprodi Mahasiswa yang Bermasalah,"14_SOP, POB & Standar Pelayanan","14_SOP, POB & Standar Pelayanan/19-memberikan-informasi-ke-kaprodi-mahasiswa-yang-bermasalah.pdf"
Akademik/2-daftar-ulang-mala.pdf,Akademik,2. DAFTAR ULANG MALA,"14_SOP, POB & Standar Pelayanan","14_SOP, POB & Standar Pelayanan/2-daftar-ulang-mala.pdf"
Akademik/2-pob-perubahan-frs-2.pdf,Akademik,(2) POB PERUBAHAN FRS,"14_SOP, POB & Standar Pelayanan","14_SOP, POB & Standar Pelayanan/2-pob-perubahan-frs-2.pdf"
Akademik/2-pob-perubahan-frs.pdf,Akademik,(2) POB PERUBAHAN FRS,"14_SOP, POB & Standar Pelayanan","14_SOP, POB & Standar Pelayanan/2-pob-perubahan-frs.pdf"
Akademik/20-pmb-baru-prestasi.pdf,Akademik,20 PMB BARU PRESTASI,"14_SOP, POB & Standar Pelayanan","14_SOP, POB & Standar Pelayanan/20-pmb-baru-prestasi.pdf"
Akademik/21-pmb-baru-tes.pdf,Akademik,21 PMB BARU TES,"14_SOP, POB & Standar Pelayanan","14_SOP, POB & Standar Pelayanan/21-pmb-baru-tes.pdf"
Akademik/22-pmb-baru-tes-kip-k.pdf,Akademik,22 PMB BARU TES KIP-K,"14_SOP, POB & Standar Pelayanan","14_SOP, POB & Standar Pelayanan/22-pmb-baru-tes-kip-k.pdf"
Akademik/23-pmb-baru-mandiri.pdf,Akademik,23 PMB BARU MANDIRI,"14_SOP, POB & Standar Pelayanan","14_SOP, POB & Standar Pelayanan/23-pmb-baru-mandiri.pdf"
Akademik/24-pmb-baru-rpl.pdf,Akademik,24 PMB BARU RPL,"14_SOP, POB & Standar Pelayanan","14_SOP, POB & Standar Pelayanan/24-pmb-baru-rpl.pdf"
Akademik/25-pmb-baru-pasca.pdf,Akademik,25 PMB BARU PASCA,"14_SOP, POB & Standar Pelayanan","14_SOP, POB & Standar Pelayanan/25-pmb-baru-pasca.pdf"
Akademik/26-sop-wisuda.pdf,Akademik,26. SOP WISUDA,"14_SOP, POB & Standar Pelayanan","14_SOP, POB & Standar Pelayanan/26-sop-wisuda.pdf"
Akademik/27-pengisian-frs.pdf,Akademik,27 PENGISIAN FRS,"14_SOP, POB & Standar Pelayanan","14_SOP, POB & Standar Pelayanan/27-pengisian-frs.pdf"
Akademik/28-ubah-frs.pdf,Akademik,28. UBAH FRS,"14_SOP, POB & Standar Pelayanan","14_SOP, POB & Standar Pelayanan/28-ubah-frs.pdf"
Akademik/29-drop-frs.pdf,Akademik,29. DROP FRS,"14_SOP, POB & Standar Pelayanan","14_SOP, POB & Standar Pelayanan/29-drop-frs.pdf"
Akademik/3-kalender-akademik.pdf,Akademik,3. KALENDER AKADEMIK,"14_SOP, POB & Standar Pelayanan","14_SOP, POB & Standar Pelayanan/3-kalender-akademik.pdf"
Akademik/3-pob-drop-frs-2.pdf,Akademik,(3) POB DROP FRS,"14_SOP, POB & Standar Pelayanan","14_SOP, POB & Standar Pelayanan/3-pob-drop-frs-2.pdf"
Akademik/3-pob-drop-frs.pdf,Akademik,(3) POB DROP FRS,"14_SOP, POB & Standar Pelayanan","14_SOP, POB & Standar Pelayanan/3-pob-drop-frs.pdf"
Akademik/30-surat-pengaktifan-kembali-dari-cuti.pdf,Akademik,30.SURAT PENGAKTIFAN KEMBALI DARI CUTI,"14_SOP, POB & Standar Pelayanan","14_SOP, POB & Standar Pelayanan/30-surat-pengaktifan-kembali-dari-cuti.pdf"
Akademik/33-sop-pelaksaan-semester-antara.pdf,Akademik,33. SOP PELAKSAAN SEMESTER ANTARA,"14_SOP, POB & Standar Pelayanan","14_SOP, POB & Standar Pelayanan/33-sop-pelaksaan-semester-antara.pdf"
Akademik/4-jadwal-kuliah.pdf,Akademik,4. JADWAL KULIAH,"14_SOP, POB & Standar Pelayanan","14_SOP, POB & Standar Pelayanan/4-jadwal-kuliah.pdf"
Akademik/5-smart-card.pdf,Akademik,5. SMART CARD,"14_SOP, POB & Standar Pelayanan","14_SOP, POB & Standar Pelayanan/5-smart-card.pdf"
Akademik/6-surat-keterangan.pdf,Akademik,6. Surat Keterangan,"14_SOP, POB & Standar Pelayanan","14_SOP, POB & Standar Pelayanan/6-surat-keterangan.pdf"
Akademik/7-cuti-mengundurkan-diri-md-dan-drop-out-do-mahasiswa.pdf,Akademik,"7. CUTI, MENGUNDURKAN DIRI (MD), DAN DROP OUT (DO) MAHASISWA","14_SOP, POB & Standar Pelayanan","14_SOP, POB & Standar Pelayanan/7-cuti-mengundurkan-diri-md-dan-drop-out-do-mahasiswa.pdf"
Akademik/8-proses-pembuatan-keputusan-dan-peraturan-bidang-akademik.pdf,Akademik,8. Proses Pembuatan Keputusan Dan Peraturan Bidang Akademik,"14_SOP, POB & Standar Pelayanan","14_SOP, POB & Standar Pelayanan/8-proses-pembuatan-keputusan-dan-peraturan-bidang-akademik.pdf"
Akademik/9-raport-semester.pdf,Akademik,9. RAPORT SEMESTER,"14_SOP, POB & Standar Pelayanan","14_SOP, POB & Standar Pelayanan/9-raport-semester.pdf"
Akademik/cetak-ijazah-transkrip.pdf,Akademik,CETAK IJAZAH &amp; TRANSKRIP,"14_SOP, POB & Standar Pelayanan","14_SOP, POB & Standar Pelayanan/cetak-ijazah-transkrip.pdf"
Akademik/cetak-raport-doc.pdf,Akademik,CETAK RAPORT.doc,"14_SOP, POB & Standar Pelayanan","14_SOP, POB & Standar Pelayanan/cetak-raport-doc.pdf"
Akademik/jadwal-kuliah-doc.pdf,Akademik,JADWAL KULIAH.doc,"14_SOP, POB & Standar Pelayanan","14_SOP, POB & Standar Pelayanan/jadwal-kuliah-doc.pdf"
Akademik/kalender-akademik-doc.pdf,Akademik,KALENDER AKADEMIK.doc,"14_SOP, POB & Standar Pelayanan","14_SOP, POB & Standar Pelayanan/kalender-akademik-doc.pdf"
Akademik/lito-1.pdf,Akademik,LITO (1),"14_SOP, POB & Standar Pelayanan","14_SOP, POB & Standar Pelayanan/lito-1.pdf"
Akademik/lito.pdf,Akademik,LITO,"14_SOP, POB & Standar Pelayanan","14_SOP, POB & Standar Pelayanan/lito.pdf"
Akademik/nsp-doc.pdf,Akademik,NSP.doc,"14_SOP, POB & Standar Pelayanan","14_SOP, POB & Standar Pelayanan/nsp-doc.pdf"
Akademik/pengarsipan-dokumen.pdf,Akademik,PENGARSIPAN DOKUMEN,"14_SOP, POB & Standar Pelayanan","14_SOP, POB & Standar Pelayanan/pengarsipan-dokumen.pdf"
Akademik/pengolahan-administrasi-akademik.pdf,Akademik,PENGOLAHAN ADMINISTRASI AKADEMIK,"14_SOP, POB & Standar Pelayanan","14_SOP, POB & Standar Pelayanan/pengolahan-administrasi-akademik.pdf"
Akademik/pengolahan-data-akademik-docx.pdf,Akademik,PENGOLAHAN DATA AKADEMIK.docx,"14_SOP, POB & Standar Pelayanan","14_SOP, POB & Standar Pelayanan/pengolahan-data-akademik-docx.pdf"
Akademik/penyusunan-sk.pdf,Akademik,PENYUSUNAN SK,"14_SOP, POB & Standar Pelayanan","14_SOP, POB & Standar Pelayanan/penyusunan-sk.pdf"
Akademik/pmb_2012.pdf,Akademik,PMB_2012,11_Panduan & Pedoman,11_Panduan & Pedoman/pmb_2012.pdf
Akademik/proses-cuti-md-doc.pdf,Akademik,PROSES CUTI MD.doc,"14_SOP, POB & Standar Pelayanan","14_SOP, POB & Standar Pelayanan/proses-cuti-md-doc.pdf"
Akademik/smart-card-doc.pdf,Akademik,SMART CARD.doc,"14_SOP, POB & Standar Pelayanan","14_SOP, POB & Standar Pelayanan/smart-card-doc.pdf"
Akademik/smart-kios.pdf,Akademik,SMART-KIOS,"14_SOP, POB & Standar Pelayanan","14_SOP, POB & Standar Pelayanan/smart-kios.pdf"
Akreditasi Institusi/sertifikat-akreditasi-institusi-2023-2025.pdf,Akreditasi Institusi,Sertifikat Akreditasi Institusi 2023-2025,05_Surat Keputusan (SK)/Akreditasi & Sertifikat Akreditasi,05_Surat Keputusan (SK)/Akreditasi & Sertifikat Akreditasi/sertifikat-akreditasi-institusi-2023-2025.pdf
Akreditasi Institusi/sertifikat-akreditasi-institusi-2025-2030.pdf,Akreditasi Institusi,Sertifikat Akreditasi Institusi 2025-2030,05_Surat Keputusan (SK)/Akreditasi & Sertifikat Akreditasi,05_Surat Keputusan (SK)/Akreditasi & Sertifikat Akreditasi/sertifikat-akreditasi-institusi-2025-2030.pdf
Akreditasi Institusi/sertifikat-akreditasi-institusi-pens-2009-2014.pdf,Akreditasi Institusi,SERTIFIKAT AKREDITASI INSTITUSI PENS (2009 - 2014),05_Surat Keputusan (SK)/Akreditasi & Sertifikat Akreditasi,05_Surat Keputusan (SK)/Akreditasi & Sertifikat Akreditasi/sertifikat-akreditasi-institusi-pens-2009-2014.pdf
Akreditasi Institusi/sertifikat-akreditasi-institusi-pens-2015-2020.pdf,Akreditasi Institusi,SERTIFIKAT AKREDITASI INSTITUSI PENS (2015 - 2020),05_Surat Keputusan (SK)/Akreditasi & Sertifikat Akreditasi,05_Surat Keputusan (SK)/Akreditasi & Sertifikat Akreditasi/sertifikat-akreditasi-institusi-pens-2015-2020.pdf
Akreditasi Institusi/sertifikat-akreditasi-institusi-pens-2020-2025.pdf,Akreditasi Institusi,SERTIFIKAT AKREDITASI INSTITUSI PENS (2020-2025),05_Surat Keputusan (SK)/Akreditasi & Sertifikat Akreditasi,05_Surat Keputusan (SK)/Akreditasi & Sertifikat Akreditasi/sertifikat-akreditasi-institusi-pens-2020-2025.pdf
Akreditasi Institusi/sk-ban-pt-akreditasi-2020-2025.pdf,Akreditasi Institusi,SK BAN PT AKREDITASI (2020-2025),05_Surat Keputusan (SK)/Akreditasi & Sertifikat Akreditasi,05_Surat Keputusan (SK)/Akreditasi & Sertifikat Akreditasi/sk-ban-pt-akreditasi-2020-2025.pdf
Akreditasi Institusi/sk-ban-pt-akreditasi-institusi-2025-2030.pdf,Akreditasi Institusi,SK BAN PT Akreditasi Institusi 2025-2030,05_Surat Keputusan (SK)/Akreditasi & Sertifikat Akreditasi,05_Surat Keputusan (SK)/Akreditasi & Sertifikat Akreditasi/sk-ban-pt-akreditasi-institusi-2025-2030.pdf
Akreditasi Institusi/surat-keterangan-reakreditasi-institusi-pens-2014-2015.pdf,Akreditasi Institusi,SURAT KETERANGAN REAKREDITASI INSTITUSI PENS (2014 - 2015),05_Surat Keputusan (SK)/Akreditasi & Sertifikat Akreditasi,05_Surat Keputusan (SK)/Akreditasi & Sertifikat Akreditasi/surat-keterangan-reakreditasi-institusi-pens-2014-2015.pdf
D3 Multimedia Broadcasting/2022-sertifikat-akreditasi-d3-teknologi-multimedia-broadcasting-psdku-lamongan.pdf,D3 Multimedia Broadcasting,2022-Sertifikat Akreditasi D3 Teknologi Multimedia Broadcasting PSDKU Lamongan,05_Surat Keputusan (SK)/Akreditasi & Sertifikat Akreditasi,05_Surat Keputusan (SK)/Akreditasi & Sertifikat Akreditasi/2022-sertifikat-akreditasi-d3-teknologi-multimedia-broadcasting-psdku-lamongan.pdf
D3 Multimedia Broadcasting/sertifikat-ban-pt-2022-2027.pdf,D3 Multimedia Broadcasting,SERTIFIKAT-BAN-PT-2022-2027,05_Surat Keputusan (SK)/Akreditasi & Sertifikat Akreditasi,05_Surat Keputusan (SK)/Akreditasi & Sertifikat Akreditasi/sertifikat-ban-pt-2022-2027.pdf
D3 Multimedia Broadcasting/sk-ban-pt.pdf,D3 Multimedia Broadcasting,SK-BAN-PT,05_Surat Keputusan (SK)/Akreditasi & Sertifikat Akreditasi,05_Surat Keputusan (SK)/Akreditasi & Sertifikat Akreditasi/sk-ban-pt.pdf
D3 PJJ Teknik Informatika/izin-pendirian-d3-pjj-teknik-informatika.pdf,D3 PJJ Teknik Informatika,Izin Pendirian D3 PJJ Teknik Informatika,05_Surat Keputusan (SK)/Pendirian & Izin Program Studi,05_Surat Keputusan (SK)/Pendirian & Izin Program Studi/izin-pendirian-d3-pjj-teknik-informatika.pdf
D3 Teknik Elektro Industri/2009-perpanjangan-ulang-ijin-penyelenggaraan-prodi-elin-d3.pdf,D3 Teknik Elektro Industri,2009 - Perpanjangan Ulang Ijin Penyelenggaraan Prodi Elin D3,05_Surat Keputusan (SK)/Pendirian & Izin Program Studi,05_Surat Keputusan (SK)/Pendirian & Izin Program Studi/2009-perpanjangan-ulang-ijin-penyelenggaraan-prodi-elin-d3.pdf
D3 Teknik Elektro Industri/perpanjangan-akreditasi-otomatis-7.pdf,D3 Teknik Elektro Industri,Perpanjangan Akreditasi Otomatis,03_Peraturan & Keputusan Menteri,03_Peraturan & Keputusan Menteri/perpanjangan-akreditasi-otomatis-7.pdf
D3 Teknik Elektro Industri/sk-ban-pt-d3-elin-21-juli-2011-21-juli-2016.pdf,D3 Teknik Elektro Industri,SK-BAN-PT-D3-Elin 21 Juli 2011 - 21 Juli 2016,05_Surat Keputusan (SK)/Akreditasi & Sertifikat Akreditasi,05_Surat Keputusan (SK)/Akreditasi & Sertifikat Akreditasi/sk-ban-pt-d3-elin-21-juli-2011-21-juli-2016.pdf
D3 Teknik Elektro Industri/sk-ban-pt-d3-elin-24-nov-2016-24-nov-2021.pdf,D3 Teknik Elektro Industri,SK-BAN-PT-D3-Elin 24 Nov 2016 - 24 Nov 2021,05_Surat Keputusan (SK)/Akreditasi & Sertifikat Akreditasi,05_Surat Keputusan (SK)/Akreditasi & Sertifikat Akreditasi/sk-ban-pt-d3-elin-24-nov-2016-24-nov-2021.pdf
D3 Teknik Elektro Industri/sk-ban-pt-d3-elin-4-mei-2006-4-mei-2011-2.pdf,D3 Teknik Elektro Industri,SK-BAN-PT-D3-Elin 4 Mei 2006 - 4 Mei 2011,05_Surat Keputusan (SK)/Akreditasi & Sertifikat Akreditasi,05_Surat Keputusan (SK)/Akreditasi & Sertifikat Akreditasi/sk-ban-pt-d3-elin-4-mei-2006-4-mei-2011-2.pdf
D3 Teknik Elektro Industri/sk-ban-pt-d3-teknik-elektro-industri-25-november-2021-s-d-25-november-2026.pdf,D3 Teknik Elektro Industri,SK-BAN-PT-D3 Teknik Elektro Industri 25 November 2021 s.d. 25 November 2026,05_Surat Keputusan (SK)/Akreditasi & Sertifikat Akreditasi,05_Surat Keputusan (SK)/Akreditasi & Sertifikat Akreditasi/sk-ban-pt-d3-teknik-elektro-industri-25-november-2021-s-d-25-november-2026.pdf
D3 Teknik Elektronika/perpanjangan-akreditasi-otomatis-3.pdf,D3 Teknik Elektronika,Perpanjangan Akreditasi Otomatis,03_Peraturan & Keputusan Menteri,03_Peraturan & Keputusan Menteri/perpanjangan-akreditasi-otomatis-3.pdf
D3 Teknik Elektronika/sk-ban-pt-d3-teknik-elektronika-28-desember-2021-28-desember-2026.pdf,D3 Teknik Elektronika,SK-BAN-PT-D3 Teknik Elektronika 28 Desember 2021 - 28 Desember 2026,05_Surat Keputusan (SK)/Akreditasi & Sertifikat Akreditasi,05_Surat Keputusan (SK)/Akreditasi & Sertifikat Akreditasi/sk-ban-pt-d3-teknik-elektronika-28-desember-2021-28-desember-2026.pdf
D3 Teknik Elektronika/sk-ban-pt-elka-d3-21-juli-2011-21-juli-2016.pdf,D3 Teknik Elektronika,SK-BAN-PT-Elka-D3 21 Juli 2011 - 21 Juli 2016,05_Surat Keputusan (SK)/Akreditasi & Sertifikat Akreditasi,05_Surat Keputusan (SK)/Akreditasi & Sertifikat Akreditasi/sk-ban-pt-elka-d3-21-juli-2011-21-juli-2016.pdf
D3 Teknik Elektronika/sk-ban-pt-elka-d3-27-des-2016-27-des-2021.pdf,D3 Teknik Elektronika,SK-BAN-PT-Elka-D3 27 Des 2016 - 27 Des 2021,05_Surat Keputusan (SK)/Akreditasi & Sertifikat Akreditasi,05_Surat Keputusan (SK)/Akreditasi & Sertifikat Akreditasi/sk-ban-pt-elka-d3-27-des-2016-27-des-2021.pdf
D3 Teknik Elektronika/sk-ban-pt-elka-d3-27-juli-2006-27-juli-2011-3.pdf,D3 Teknik Elektronika,SK-BAN-PT-Elka-D3 27 Juli 2006 - 27 Juli 2011,05_Surat Keputusan (SK)/Akreditasi & Sertifikat Akreditasi,05_Surat Keputusan (SK)/Akreditasi & Sertifikat Akreditasi/sk-ban-pt-elka-d3-27-juli-2006-27-juli-2011-3.pdf
D3 Teknik Informatika/2022-sertifikat-akreditasi-d3-teknik-informatika.pdf,D3 Teknik Informatika,2022-Sertifikat Akreditasi D3 Teknik Informatika,05_Surat Keputusan (SK)/Akreditasi & Sertifikat Akreditasi,05_Surat Keputusan (SK)/Akreditasi & Sertifikat Akreditasi/2022-sertifikat-akreditasi-d3-teknik-informatika.pdf
D3 Teknik Informatika/2022-sertifikat-d3-teknik-informatika-psdku-lamongan.pdf,D3 Teknik Informatika,2022 - Sertifikat D3 Teknik Informatika PSDKU Lamongan,05_Surat Keputusan (SK)/Akreditasi & Sertifikat Akreditasi,05_Surat Keputusan (SK)/Akreditasi & Sertifikat Akreditasi/2022-sertifikat-d3-teknik-informatika-psdku-lamongan.pdf
D3 Teknik Informatika/2022-sertifikat-d3-teknik-informatika-psdku-sumenep.pdf,D3 Teknik Informatika,2022 - Sertifikat D3 Teknik Informatika PSDKU Sumenep,05_Surat Keputusan (SK)/Akreditasi & Sertifikat Akreditasi,05_Surat Keputusan (SK)/Akreditasi & Sertifikat Akreditasi/2022-sertifikat-d3-teknik-informatika-psdku-sumenep.pdf
D3 Teknik Informatika/perijinan-prodi-diii-ti-2.pdf,D3 Teknik Informatika,Perijinan Prodi DIII TI,05_Surat Keputusan (SK)/Pendirian & Izin Program Studi,05_Surat Keputusan (SK)/Pendirian & Izin Program Studi/perijinan-prodi-diii-ti-2.pdf
D3 Teknik Informatika/perpanjangan-akreditasi-otomatis-16.pdf,D3 Teknik Informatika,Perpanjangan Akreditasi Otomatis,03_Peraturan & Keputusan Menteri,03_Peraturan & Keputusan Menteri/perpanjangan-akreditasi-otomatis-16.pdf
D3 Teknik Informatika/perpanjangan-akreditasi-otomatis-9.pdf,D3 Teknik Informatika,Perpanjangan Akreditasi Otomatis,03_Peraturan & Keputusan Menteri,03_Peraturan & Keputusan Menteri/perpanjangan-akreditasi-otomatis-9.pdf
D3 Teknik Informatika/sertifikat-akreditasi-d3-teknik-informatika-2022.pdf,D3 Teknik Informatika,Sertifikat Akreditasi D3 Teknik Informatika -  2022,05_Surat Keputusan (SK)/Akreditasi & Sertifikat Akreditasi,05_Surat Keputusan (SK)/Akreditasi & Sertifikat Akreditasi/sertifikat-akreditasi-d3-teknik-informatika-2022.pdf
D3 Teknik Informatika/sertifikat-akreditasi-d3-ti-2011-2016.pdf,D3 Teknik Informatika,Sertifikat Akreditasi D3 TI 2011-2016,05_Surat Keputusan (SK)/Akreditasi & Sertifikat Akreditasi,05_Surat Keputusan (SK)/Akreditasi & Sertifikat Akreditasi/sertifikat-akreditasi-d3-ti-2011-2016.pdf
D3 Teknik Informatika/sk-ban-pt-d3-informatika-1-juni-2006-1-juni-2011.pdf,D3 Teknik Informatika,SK-BAN-PT-D3-Informatika 1 Juni 2006 - 1 Juni 2011,05_Surat Keputusan (SK)/Akreditasi & Sertifikat Akreditasi,05_Surat Keputusan (SK)/Akreditasi & Sertifikat Akreditasi/sk-ban-pt-d3-informatika-1-juni-2006-1-juni-2011.pdf
D3 Teknik Informatika/sk-ban-pt-d3-informatika-18-april-2017-18-april-2022.pdf,D3 Teknik Informatika,SK-BAN-PT-D3-Informatika 18 April 2017 - 18 April 2022,05_Surat Keputusan (SK)/Akreditasi & Sertifikat Akreditasi,05_Surat Keputusan (SK)/Akreditasi & Sertifikat Akreditasi/sk-ban-pt-d3-informatika-18-april-2017-18-april-2022.pdf
D3 Teknik Informatika/sk-ban-pt-d3-informatika-21-juli-2011-21-juli-2016.pdf,D3 Teknik Informatika,SK-BAN-PT-D3-Informatika 21 Juli 2011 - 21 Juli 2016,05_Surat Keputusan (SK)/Akreditasi & Sertifikat Akreditasi,05_Surat Keputusan (SK)/Akreditasi & Sertifikat Akreditasi/sk-ban-pt-d3-informatika-21-juli-2011-21-juli-2016.pdf
D3 Teknik Informatika/sk-ban-pt-pjj-informatika-2-jul-2019-2-jul-2024.pdf,D3 Teknik Informatika,SK-BAN-PT- PJJ Informatika 2 Jul 2019 - 2 Jul 2024,05_Surat Keputusan (SK)/Akreditasi & Sertifikat Akreditasi,05_Surat Keputusan (SK)/Akreditasi & Sertifikat Akreditasi/sk-ban-pt-pjj-informatika-2-jul-2019-2-jul-2024.pdf
D3 Teknik Informatika/sk-d3-teknik-informatika-2017.pdf,D3 Teknik Informatika,SK D3 Teknik Informatika - 2017,05_Surat Keputusan (SK)/Akreditasi & Sertifikat Akreditasi,05_Surat Keputusan (SK)/Akreditasi & Sertifikat Akreditasi/sk-d3-teknik-informatika-2017.pdf
D3 Teknik Informatika/sk-d3-teknik-informatika-2022-2.pdf,D3 Teknik Informatika,SK D3 Teknik Informatika - 2022,05_Surat Keputusan (SK)/Akreditasi & Sertifikat Akreditasi,05_Surat Keputusan (SK)/Akreditasi & Sertifikat Akreditasi/sk-d3-teknik-informatika-2022-2.pdf
D3 Teknik Informatika/sk-d3-teknik-informatika-2022.pdf,D3 Teknik Informatika,SK D3 Teknik Informatika - 2022,05_Surat Keputusan (SK)/Akreditasi & Sertifikat Akreditasi,05_Surat Keputusan (SK)/Akreditasi & Sertifikat Akreditasi/sk-d3-teknik-informatika-2022.pdf
D3 Teknik Informatika/surat-keterangan-reakreditasi-21-juli-2016-18-april-2017.pdf,D3 Teknik Informatika,SURAT KETERANGAN REAKREDITASI 21 Juli 2016 - 18 April 2017,05_Surat Keputusan (SK)/Akreditasi & Sertifikat Akreditasi,05_Surat Keputusan (SK)/Akreditasi & Sertifikat Akreditasi/surat-keterangan-reakreditasi-21-juli-2016-18-april-2017.pdf
D3 Teknik Informatika/surat_sk_sementara_laminfokom.pdf,D3 Teknik Informatika,Surat_SK_SEMENTARA_LAMINFOKOM,05_Surat Keputusan (SK)/Akreditasi & Sertifikat Akreditasi,05_Surat Keputusan (SK)/Akreditasi & Sertifikat Akreditasi/surat_sk_sementara_laminfokom.pdf
D3 Teknik Informatika/surat_tanda_terima_laminfokom.pdf,D3 Teknik Informatika,Surat_Tanda_terima_LAMINFOKOM,05_Surat Keputusan (SK)/Akreditasi & Sertifikat Akreditasi,05_Surat Keputusan (SK)/Akreditasi & Sertifikat Akreditasi/surat_tanda_terima_laminfokom.pdf
D3 Teknik Telekomunikasi/2009-perpanjangan-ulang-ijin-penyelengaraan-d3-telkom.pdf,D3 Teknik Telekomunikasi,2009 - Perpanjangan Ulang Ijin Penyelengaraan D3 (Telkom),05_Surat Keputusan (SK)/Pendirian & Izin Program Studi,05_Surat Keputusan (SK)/Pendirian & Izin Program Studi/2009-perpanjangan-ulang-ijin-penyelengaraan-d3-telkom.pdf
D3 Teknik Telekomunikasi/perpanjangan-akreditasi-otomatis-5.pdf,D3 Teknik Telekomunikasi,Perpanjangan Akreditasi Otomatis,03_Peraturan & Keputusan Menteri,03_Peraturan & Keputusan Menteri/perpanjangan-akreditasi-otomatis-5.pdf
D3 Teknik Telekomunikasi/sk-ban-pt-d3-teknik-telkom-25-november-2021-25-november-2026.pdf,D3 Teknik Telekomunikasi,SK-BAN-PT-D3 Teknik Telkom 25 November 2021 - 25 November 2026,05_Surat Keputusan (SK)/Akreditasi & Sertifikat Akreditasi,05_Surat Keputusan (SK)/Akreditasi & Sertifikat Akreditasi/sk-ban-pt-d3-teknik-telkom-25-november-2021-25-november-2026.pdf
D3 Teknik Telekomunikasi/sk-ban-pt-d3-telkom-21-juli-2011-21-juli-2016.pdf,D3 Teknik Telekomunikasi,SK-BAN-PT-D3-Telkom 21 Juli 2011 - 21 Juli 2016,05_Surat Keputusan (SK)/Akreditasi & Sertifikat Akreditasi,05_Surat Keputusan (SK)/Akreditasi & Sertifikat Akreditasi/sk-ban-pt-d3-telkom-21-juli-2011-21-juli-2016.pdf
D3 Teknik Telekomunikasi/sk-ban-pt-d3-telkom-24-nov-2016-24-nov-2021.pdf,D3 Teknik Telekomunikasi,SK-BAN-PT-D3-Telkom 24 Nov 2016 - 24 Nov 2021,05_Surat Keputusan (SK)/Akreditasi & Sertifikat Akreditasi,05_Surat Keputusan (SK)/Akreditasi & Sertifikat Akreditasi/sk-ban-pt-d3-telkom-24-nov-2016-24-nov-2021.pdf
D3 Teknik Telekomunikasi/sk-ban-pt-d3-telkom-3-agu-2006-3-agu-2011.pdf,D3 Teknik Telekomunikasi,SK-BAN-PT-D3-Telkom 3 Agu 2006 - 3 Agu 2011,05_Surat Keputusan (SK)/Akreditasi & Sertifikat Akreditasi,05_Surat Keputusan (SK)/Akreditasi & Sertifikat Akreditasi/sk-ban-pt-d3-telkom-3-agu-2006-3-agu-2011.pdf
D4 PJJ Teknik Telekomunikasi/izin-pendirian-d4-pjj-teknik-telekomunikasi.pdf,D4 PJJ Teknik Telekomunikasi,Izin Pendirian D4 PJJ Teknik Telekomunikasi,05_Surat Keputusan (SK)/Pendirian & Izin Program Studi,05_Surat Keputusan (SK)/Pendirian & Izin Program Studi/izin-pendirian-d4-pjj-teknik-telekomunikasi.pdf
D4 Teknik Elektro Industri/2011-perpanjangan-ijin-prodi-elin-d4.pdf,D4 Teknik Elektro Industri,2011 - Perpanjangan Ijin Prodi Elin D4,05_Surat Keputusan (SK)/Pendirian & Izin Program Studi,05_Surat Keputusan (SK)/Pendirian & Izin Program Studi/2011-perpanjangan-ijin-prodi-elin-d4.pdf
D4 Teknik Elektro Industri/348-viii_surat-pernyataan_kelas-reguler_str-dan-strlj_elin_07-agustus-2024.pdf,D4 Teknik Elektro Industri,348-VIII_Surat Pernyataan_Kelas Reguler_STr dan STrLJ_ELIN_07 Agustus 2024,"08_Surat (Keterangan, Pernyataan, Permohonan)","08_Surat (Keterangan, Pernyataan, Permohonan)/348-viii_surat-pernyataan_kelas-reguler_str-dan-strlj_elin_07-agustus-2024.pdf"
D4 Teknik Elektro Indutri/0125_sertifikat-dan-sk-lam-teknik_str-teknik-elektro-industri-21-april-20-april-2030.pdf,D4 Teknik Elektro Indutri,0125_Sertifikat dan SK LAM Teknik_STr Teknik Elektro Industri (21 April - 20 April 2030),05_Surat Keputusan (SK)/Akreditasi & Sertifikat Akreditasi,05_Surat Keputusan (SK)/Akreditasi & Sertifikat Akreditasi/0125_sertifikat-dan-sk-lam-teknik_str-teknik-elektro-industri-21-april-20-april-2030.pdf
D4 Teknik Elektro Indutri/perpanjangan-akreditasi-otomatis-8.pdf,D4 Teknik Elektro Indutri,Perpanjangan Akreditasi Otomatis,03_Peraturan & Keputusan Menteri,03_Peraturan & Keputusan Menteri/perpanjangan-akreditasi-otomatis-8.pdf
D4 Teknik Elektro Indutri/sertifikat-dan-sk-ban-pt-prodi-elin-d4-12-januari-2021-s-d-12-januari-2026.pdf,D4 Teknik Elektro Indutri,Sertifikat dan SK Ban PT Prodi Elin D4 (12 - Januari - 2021 s.d 12 Januari 2026),05_Surat Keputusan (SK)/Akreditasi & Sertifikat Akreditasi,05_Surat Keputusan (SK)/Akreditasi & Sertifikat Akreditasi/sertifikat-dan-sk-ban-pt-prodi-elin-d4-12-januari-2021-s-d-12-januari-2026.pdf
D4 Teknik Elektro Indutri/sk-ban-pt-d4-elin-11-jan-2016-11-jan-2021.pdf,D4 Teknik Elektro Indutri,SK-BAN-PT-D4-Elin 11 Jan 2016 - 11 Jan 2021,05_Surat Keputusan (SK)/Akreditasi & Sertifikat Akreditasi,05_Surat Keputusan (SK)/Akreditasi & Sertifikat Akreditasi/sk-ban-pt-d4-elin-11-jan-2016-11-jan-2021.pdf
D4 Teknik Elektro Indutri/sk-ban-pt-d4-elin-22-okt-2010-22-okt-2015.pdf,D4 Teknik Elektro Indutri,SK-BAN-PT-D4-Elin 22 Okt 2010 - 22 Okt 2015,05_Surat Keputusan (SK)/Akreditasi & Sertifikat Akreditasi,05_Surat Keputusan (SK)/Akreditasi & Sertifikat Akreditasi/sk-ban-pt-d4-elin-22-okt-2010-22-okt-2015.pdf
D4 Teknik Elektro Indutri/sk-ban-pt-d4-elin-9-jan-2004-9-jan-2009.pdf,D4 Teknik Elektro Indutri,SK-BAN-PT-D4-Elin 9 Jan 2004 - 9 Jan 2009,05_Surat Keputusan (SK)/Akreditasi & Sertifikat Akreditasi,05_Surat Keputusan (SK)/Akreditasi & Sertifikat Akreditasi/sk-ban-pt-d4-elin-9-jan-2004-9-jan-2009.pdf
D4 Teknik Elektronika/2011-perpanjangan-ijin-prodi-elka-d4.pdf,D4 Teknik Elektronika,2011 - Perpanjangan Ijin Prodi Elka D4,05_Surat Keputusan (SK)/Pendirian & Izin Program Studi,05_Surat Keputusan (SK)/Pendirian & Izin Program Studi/2011-perpanjangan-ijin-prodi-elka-d4.pdf
D4 Teknik Elektronika/346-viii_surat-pernyataan_kelas-reguler_str-dan-strlj_elka_07-agustus-2024.pdf,D4 Teknik Elektronika,346-VIII_Surat Pernyataan_Kelas Reguler_STr dan STrLJ_ELKA_07 Agustus 2024,"08_Surat (Keterangan, Pernyataan, Permohonan)","08_Surat (Keterangan, Pernyataan, Permohonan)/346-viii_surat-pernyataan_kelas-reguler_str-dan-strlj_elka_07-agustus-2024.pdf"
D4 Teknik Elektronika/perpanjangan-akreditasi-otomatis-4.pdf,D4 Teknik Elektronika,Perpanjangan Akreditasi Otomatis,03_Peraturan & Keputusan Menteri,03_Peraturan & Keputusan Menteri/perpanjangan-akreditasi-otomatis-4.pdf
D4 Teknik Elektronika/sertifikat-akreditasi-internasional-iabee_str-teknik-elektronika_31-maret-2024.pdf,D4 Teknik Elektronika,Sertifikat Akreditasi Internasional IABEE_STr. Teknik Elektronika_31 Maret 2024,05_Surat Keputusan (SK)/Akreditasi & Sertifikat Akreditasi,05_Surat Keputusan (SK)/Akreditasi & Sertifikat Akreditasi/sertifikat-akreditasi-internasional-iabee_str-teknik-elektronika_31-maret-2024.pdf
D4 Teknik Elektronika/sk-akreditasi_lam-teknik_str-teknik-elektronika_21-desember-2024-20-desember-2029.pdf,D4 Teknik Elektronika,SK Akreditasi_LAM Teknik_STr Teknik Elektronika_21 Desember 2024-20 Desember 2029,05_Surat Keputusan (SK)/Akreditasi & Sertifikat Akreditasi,05_Surat Keputusan (SK)/Akreditasi & Sertifikat Akreditasi/sk-akreditasi_lam-teknik_str-teknik-elektronika_21-desember-2024-20-desember-2029.pdf
D4 Teknik Elektronika/sk-ban-pt-elka-d4-27-juni-2015-27-juni-2020.pdf,D4 Teknik Elektronika,SK-BAN-PT-Elka-D4 27 Juni 2015 - 27 Juni 2020,05_Surat Keputusan (SK)/Akreditasi & Sertifikat Akreditasi,05_Surat Keputusan (SK)/Akreditasi & Sertifikat Akreditasi/sk-ban-pt-elka-d4-27-juni-2015-27-juni-2020.pdf
D4 Teknik Elektronika/sk-ban-pt-elka-d4-27-mei-2010-27-mei-2015.pdf,D4 Teknik Elektronika,SK-BAN-PT-Elka-D4 27 Mei 2010 - 27 Mei 2015,05_Surat Keputusan (SK)/Akreditasi & Sertifikat Akreditasi,05_Surat Keputusan (SK)/Akreditasi & Sertifikat Akreditasi/sk-ban-pt-elka-d4-27-mei-2010-27-mei-2015.pdf
D4 Teknik Elektronika/sk-ban-pt-elka-d4-28-juni-2020-28-juni-2025.pdf,D4 Teknik Elektronika,SK-BAN-PT-Elka-D4-28-Juni-2020-28-Juni-2025,05_Surat Keputusan (SK)/Akreditasi & Sertifikat Akreditasi,05_Surat Keputusan (SK)/Akreditasi & Sertifikat Akreditasi/sk-ban-pt-elka-d4-28-juni-2020-28-juni-2025.pdf
D4 Teknik Elektronika/sk-ban-pt-elka-d4-9-jan-2004-9-jan-2009.pdf,D4 Teknik Elektronika,SK-BAN-PT-Elka-D4 9 Jan 2004 - 9 Jan 2009,05_Surat Keputusan (SK)/Akreditasi & Sertifikat Akreditasi,05_Surat Keputusan (SK)/Akreditasi & Sertifikat Akreditasi/sk-ban-pt-elka-d4-9-jan-2004-9-jan-2009.pdf
D4 Teknik Informatika/pendirian-prodi-div-ti.pdf,D4 Teknik Informatika,Pendirian Prodi DIV TI,05_Surat Keputusan (SK)/Pendirian & Izin Program Studi,05_Surat Keputusan (SK)/Pendirian & Izin Program Studi/pendirian-prodi-div-ti.pdf
D4 Teknik Informatika/perpanjangan-akreditasi-otomatis-10.pdf,D4 Teknik Informatika,Perpanjangan Akreditasi Otomatis,03_Peraturan & Keputusan Menteri,03_Peraturan & Keputusan Menteri/perpanjangan-akreditasi-otomatis-10.pdf
D4 Teknik Informatika/sertifikat-akreditasi-prodi-sarjana-terapan-teknik-informatika-2020-2025.pdf,D4 Teknik Informatika,Sertifikat Akreditasi Prodi Sarjana Terapan Teknik Informatika 2020-2025,05_Surat Keputusan (SK)/Akreditasi & Sertifikat Akreditasi,05_Surat Keputusan (SK)/Akreditasi & Sertifikat Akreditasi/sertifikat-akreditasi-prodi-sarjana-terapan-teknik-informatika-2020-2025.pdf
D4 Teknik Informatika/sk-akreditasi-prodi-sarjana-terapan-teknik-informatika-2020-2025.pdf,D4 Teknik Informatika,SK Akreditasi Prodi Sarjana Terapan Teknik Informatika 2020-2025,05_Surat Keputusan (SK)/Akreditasi & Sertifikat Akreditasi,05_Surat Keputusan (SK)/Akreditasi & Sertifikat Akreditasi/sk-akreditasi-prodi-sarjana-terapan-teknik-informatika-2020-2025.pdf
D4 Teknik Informatika/sk-ban-pt-d4-informatika-2-juli-2010-2-juli-2015.pdf,D4 Teknik Informatika,SK-BAN-PT-D4-Informatika 2 Juli 2010 - 2 Juli 2015,05_Surat Keputusan (SK)/Akreditasi & Sertifikat Akreditasi,05_Surat Keputusan (SK)/Akreditasi & Sertifikat Akreditasi/sk-ban-pt-d4-informatika-2-juli-2010-2-juli-2015.pdf
D4 Teknik Informatika/sk-ban-pt-d4-informatika-3-sep-2015-3-sep-2020.pdf,D4 Teknik Informatika,SK-BAN-PT-D4-Informatika 3 Sep 2015 - 3 Sep 2020,05_Surat Keputusan (SK)/Akreditasi & Sertifikat Akreditasi,05_Surat Keputusan (SK)/Akreditasi & Sertifikat Akreditasi/sk-ban-pt-d4-informatika-3-sep-2015-3-sep-2020.pdf
D4 Teknik Informatika/sk-perubahan-it-menjadi-informatika.pdf,D4 Teknik Informatika,SK Perubahan IT menjadi Informatika,05_Surat Keputusan (SK)/Pendirian & Izin Program Studi,05_Surat Keputusan (SK)/Pendirian & Izin Program Studi/sk-perubahan-it-menjadi-informatika.pdf
D4 Teknik Telekomunikasi/2011-perpanjangan-ijin-prodi-telkom-d4.pdf,D4 Teknik Telekomunikasi,2011 - Perpanjangan Ijin Prodi Telkom D4,05_Surat Keputusan (SK)/Pendirian & Izin Program Studi,05_Surat Keputusan (SK)/Pendirian & Izin Program Studi/2011-perpanjangan-ijin-prodi-telkom-d4.pdf
D4 Teknik Telekomunikasi/347-viii_surat-pernyataan_kelas-reguler_str-dan-strlj_telkom_07-agustus-2024.pdf,D4 Teknik Telekomunikasi,347-VIII_Surat Pernyataan_Kelas Reguler_STr dan STrLJ_TELKOM_07 Agustus 2024,"08_Surat (Keterangan, Pernyataan, Permohonan)","08_Surat (Keterangan, Pernyataan, Permohonan)/347-viii_surat-pernyataan_kelas-reguler_str-dan-strlj_telkom_07-agustus-2024.pdf"
D4 Teknik Telekomunikasi/perpanjangan-akreditasi-otomatis-17.pdf,D4 Teknik Telekomunikasi,Perpanjangan Akreditasi Otomatis,03_Peraturan & Keputusan Menteri,03_Peraturan & Keputusan Menteri/perpanjangan-akreditasi-otomatis-17.pdf
D4 Teknik Telekomunikasi/perpanjangan-akreditasi-otomatis-6.pdf,D4 Teknik Telekomunikasi,Perpanjangan Akreditasi Otomatis,03_Peraturan & Keputusan Menteri,03_Peraturan & Keputusan Menteri/perpanjangan-akreditasi-otomatis-6.pdf
D4 Teknik Telekomunikasi/sk-akreditasi_lam-teknik_str-pjj-teknik-telekomunikasi_21-april-2024-20-april-2029.pdf,D4 Teknik Telekomunikasi,SK Akreditasi_LAM Teknik_STr PJJ Teknik Telekomunikasi_21 April 2024-20 April 2029,05_Surat Keputusan (SK)/Akreditasi & Sertifikat Akreditasi,05_Surat Keputusan (SK)/Akreditasi & Sertifikat Akreditasi/sk-akreditasi_lam-teknik_str-pjj-teknik-telekomunikasi_21-april-2024-20-april-2029.pdf
D4 Teknik Telekomunikasi/sk-akreditasi_lam-teknik_str-teknik-telekomunikasi_21-desember-2024-20-desember-2029.pdf,D4 Teknik Telekomunikasi,SK Akreditasi_LAM Teknik_STr Teknik Telekomunikasi_21 Desember 2024-20 Desember 2029,05_Surat Keputusan (SK)/Akreditasi & Sertifikat Akreditasi,05_Surat Keputusan (SK)/Akreditasi & Sertifikat Akreditasi/sk-akreditasi_lam-teknik_str-teknik-telekomunikasi_21-desember-2024-20-desember-2029.pdf
D4 Teknik Telekomunikasi/sk-ban-pt-d4-teknik-telekomunikasi-13-mei-2021-s-d-13-mei-2026.pdf,D4 Teknik Telekomunikasi,SK-BAN-PT-D4 Teknik Telekomunikasi 13 Mei 2021 s.d 13 Mei 2026,05_Surat Keputusan (SK)/Akreditasi & Sertifikat Akreditasi,05_Surat Keputusan (SK)/Akreditasi & Sertifikat Akreditasi/sk-ban-pt-d4-teknik-telekomunikasi-13-mei-2021-s-d-13-mei-2026.pdf
D4 Teknik Telekomunikasi/sk-ban-pt-d4-telkom-10-des-2010-10-des-2015.pdf,D4 Teknik Telekomunikasi,SK-BAN-PT-D4-Telkom 10 Des 2010 - 10 Des 2015,05_Surat Keputusan (SK)/Akreditasi & Sertifikat Akreditasi,05_Surat Keputusan (SK)/Akreditasi & Sertifikat Akreditasi/sk-ban-pt-d4-telkom-10-des-2010-10-des-2015.pdf
D4 Teknik Telekomunikasi/sk-ban-pt-d4-telkom-12-mei-2016-12-mei-2021.pdf,D4 Teknik Telekomunikasi,SK-BAN-PT-D4-Telkom 12 Mei 2016 - 12 Mei 2021,05_Surat Keputusan (SK)/Akreditasi & Sertifikat Akreditasi,05_Surat Keputusan (SK)/Akreditasi & Sertifikat Akreditasi/sk-ban-pt-d4-telkom-12-mei-2016-12-mei-2021.pdf
D4 Teknik Telekomunikasi/sk-ban-pt-d4-telkom-9-jan-2004-9-jan-2009.pdf,D4 Teknik Telekomunikasi,SK-BAN-PT-D4-Telkom 9 Jan 2004 - 9 Jan 2009,05_Surat Keputusan (SK)/Akreditasi & Sertifikat Akreditasi,05_Surat Keputusan (SK)/Akreditasi & Sertifikat Akreditasi/sk-ban-pt-d4-telkom-9-jan-2004-9-jan-2009.pdf
D4 Teknik Telekomunikasi/sk-ban-pt-pjj-telekomunikasi-27-agu-2019-27-agu-2024.pdf,D4 Teknik Telekomunikasi,SK-BAN-PT PJJ Telekomunikasi 27 Agu 2019 - 27 Agu 2024,05_Surat Keputusan (SK)/Akreditasi & Sertifikat Akreditasi,05_Surat Keputusan (SK)/Akreditasi & Sertifikat Akreditasi/sk-ban-pt-pjj-telekomunikasi-27-agu-2019-27-agu-2024.pdf
Dalam Negeri/2017-retooling-di-bidang-kompetensi-industrial-control-engineering-dan-sub-kompetensi-rekayasa-kontrol-mesin-industri-yang-bekerja-sama-dengan-mitsubisi-electric-nasyir.pdf,Dalam Negeri,2017 retooling di bidang kompetensi Industrial Control Engineering dan sub kompetensi Rekayasa Kontrol Mesin Industri yang bekerja sama dengan Mitsubisi Electric Nasyir,13_Laporan Kegiatan & Kinerja,13_Laporan Kegiatan & Kinerja/2017-retooling-di-bidang-kompetensi-industrial-control-engineering-dan-sub-kompetensi-rekayasa-kontrol-mesin-industri-yang-bekerja-sama-dengan-mitsubisi-electric-nasyir.pdf
Dalam Negeri/2017-retooling-kompetensi-vokasi-gmf-setyo-nug.pdf,Dalam Negeri,2017 Retooling Kompetensi Vokasi GMF Setyo Nug,13_Laporan Kegiatan & Kinerja,13_Laporan Kegiatan & Kinerja/2017-retooling-kompetensi-vokasi-gmf-setyo-nug.pdf
Dalam Negeri/2018-international-electrical-installation-and-maintenance-tahun-anggaran-2018-dilaksanakan-di-politeknik-negeri-batam-evin.pdf,Dalam Negeri,2018 International Electrical Installation and Maintenance tahun anggaran 2018 dilaksanakan di Politeknik Negeri Batam Evin,13_Laporan Kegiatan & Kinerja,13_Laporan Kegiatan & Kinerja/2018-international-electrical-installation-and-maintenance-tahun-anggaran-2018-dilaksanakan-di-politeknik-negeri-batam-evin.pdf
Dalam Negeri/sosialisasi-android-inixindo-jogja.pdf,Dalam Negeri,Sosialisasi android - inixindo jogja,15_Materi Sosialisasi,15_Materi Sosialisasi/sosialisasi-android-inixindo-jogja.pdf
Dalam Negeri/sosialisasi-bimtek_pengelolaan_bmn.pdf,Dalam Negeri,Sosialisasi Bimtek_Pengelolaan_BMN,15_Materi Sosialisasi,15_Materi Sosialisasi/sosialisasi-bimtek_pengelolaan_bmn.pdf
Dalam Negeri/sosialisasi-etubel-2018.pdf,Dalam Negeri,Sosialisasi eTubel 2018,15_Materi Sosialisasi,15_Materi Sosialisasi/sosialisasi-etubel-2018.pdf
Dalam Negeri/sosialisasi-penataan-organisasi-dan-rincian-tugas-ptn.pdf,Dalam Negeri,Sosialisasi Penataan Organisasi dan Rincian Tugas PTN,15_Materi Sosialisasi,15_Materi Sosialisasi/sosialisasi-penataan-organisasi-dan-rincian-tugas-ptn.pdf
Diploma I (D1)/sk-pendirian-d1-elka-d1-elin-d1-meka.pdf,Diploma I (D1),"SK PENDIRIAN D1 ELKA, D1 ELIN, D1 MEKA",05_Surat Keputusan (SK)/Pendirian & Izin Program Studi,05_Surat Keputusan (SK)/Pendirian & Izin Program Studi/sk-pendirian-d1-elka-d1-elin-d1-meka.pdf
Diploma I (D1)/sk-pendirian-d1-tkj-d1-multimedia-d1-it.pdf,Diploma I (D1),"SK PENDIRIAN D1 TKJ, D1 MULTIMEDIA, D1 IT",05_Surat Keputusan (SK)/Pendirian & Izin Program Studi,05_Surat Keputusan (SK)/Pendirian & Izin Program Studi/sk-pendirian-d1-tkj-d1-multimedia-d1-it.pdf
Diploma II (D2)/2012-kepmendikbud-nomor-161-tahun-2012.pdf,Diploma II (D2),2012-Kepmendikbud nomor 161 Tahun 2012,03_Peraturan & Keputusan Menteri,03_Peraturan & Keputusan Menteri/2012-kepmendikbud-nomor-161-tahun-2012.pdf
Diploma II (D2)/2012-sk-pdd-lamongan.pdf,Diploma II (D2),2012- SK PDD Lamongan,05_Surat Keputusan (SK)/Lainnya,05_Surat Keputusan (SK)/Lainnya/2012-sk-pdd-lamongan.pdf
Doktor Terapan/sk-pendirian-s3.pdf,Doktor Terapan,SK PENDIRIAN S3,05_Surat Keputusan (SK)/Pendirian & Izin Program Studi,05_Surat Keputusan (SK)/Pendirian & Izin Program Studi/sk-pendirian-s3.pdf
Elektro Industri/1996-sk-penyelengaraan-program-ekstensi-elka-telkom-listrik-3.pdf,Elektro Industri,"1996 - SK - Penyelengaraan Program Ekstensi (Elka, Telkom, Listrik)",05_Surat Keputusan (SK)/Pendirian & Izin Program Studi,05_Surat Keputusan (SK)/Pendirian & Izin Program Studi/1996-sk-penyelengaraan-program-ekstensi-elka-telkom-listrik-3.pdf
Elektro Industri/1999-sk-pembentukan-prodi-d4-elka-telkom-listrik-3.pdf,Elektro Industri,"1999 - SK - Pembentukan Prodi D4 (Elka, Telkom, Listrik)",05_Surat Keputusan (SK)/Pendirian & Izin Program Studi,05_Surat Keputusan (SK)/Pendirian & Izin Program Studi/1999-sk-pembentukan-prodi-d4-elka-telkom-listrik-3.pdf
Elektro Industri/2005-sk-perubahan-prodi-listrik-industri-menjadi-prodi-elektro-industri.pdf,Elektro Industri,2005 - SK - Perubahan Prodi Listrik Industri menjadi Prodi Elektro Industri,05_Surat Keputusan (SK)/Pendirian & Izin Program Studi,05_Surat Keputusan (SK)/Pendirian & Izin Program Studi/2005-sk-perubahan-prodi-listrik-industri-menjadi-prodi-elektro-industri.pdf
Elektro Industri/2009-permohonan-ralat-nama-program-studi-listrik-d3-d4.pdf,Elektro Industri,2009 - Permohonan Ralat Nama Program Studi Listrik D3 - D4,05_Surat Keputusan (SK)/Pendirian & Izin Program Studi,05_Surat Keputusan (SK)/Pendirian & Izin Program Studi/2009-permohonan-ralat-nama-program-studi-listrik-d3-d4.pdf
Elektro Industri/2009-perubahan-nama-prodi-pada-pens.pdf,Elektro Industri,2009 - Perubahan nama prodi pada PENS,05_Surat Keputusan (SK)/Pendirian & Izin Program Studi,05_Surat Keputusan (SK)/Pendirian & Izin Program Studi/2009-perubahan-nama-prodi-pada-pens.pdf
Elektro Industri/surket-prodi-elin-2.pdf,Elektro Industri,SURKET-PRODI-ELIN,"08_Surat (Keterangan, Pernyataan, Permohonan)","08_Surat (Keterangan, Pernyataan, Permohonan)/surket-prodi-elin-2.pdf"
Elektronika/1996-sk-penyelengaraan-program-ekstensi-elka-telkom-listrik.pdf,Elektronika,"1996 - SK - Penyelengaraan Program Ekstensi (Elka, Telkom, Listrik)",05_Surat Keputusan (SK)/Pendirian & Izin Program Studi,05_Surat Keputusan (SK)/Pendirian & Izin Program Studi/1996-sk-penyelengaraan-program-ekstensi-elka-telkom-listrik.pdf
Elektronika/1999-sk-pembentukan-prodi-d4-elka-telkom-listrik.pdf,Elektronika,"1999 - SK - Pembentukan Prodi D4 (Elka, Telkom, Listrik)",05_Surat Keputusan (SK)/Pendirian & Izin Program Studi,05_Surat Keputusan (SK)/Pendirian & Izin Program Studi/1999-sk-pembentukan-prodi-d4-elka-telkom-listrik.pdf
Elektronika/surket-prodi-elka-2.pdf,Elektronika,SURKET-PRODI-ELKA,"08_Surat (Keterangan, Pernyataan, Permohonan)","08_Surat (Keterangan, Pernyataan, Permohonan)/surket-prodi-elka-2.pdf"
Formulir Akademik/19-form-surat-usulan-perubahan-penambahan-frs.pdf,Formulir Akademik,19-FORM SURAT USULAN PERUBAHAN-PENAMBAHAN FRS,09_Formulir,09_Formulir/19-form-surat-usulan-perubahan-penambahan-frs.pdf
Formulir Akademik/form-berita-acara-fpc-1.pdf,Formulir Akademik,FORM BERITA ACARA FPC-1,09_Formulir,09_Formulir/form-berita-acara-fpc-1.pdf
Formulir Akademik/form-cuti.pdf,Formulir Akademik,FORM CUTI,09_Formulir,09_Formulir/form-cuti.pdf
Formulir Akademik/form-drop-frs.pdf,Formulir Akademik,FORM-DROP-FRS,09_Formulir,09_Formulir/form-drop-frs.pdf
Formulir Akademik/form-permohonan-perbaikan-data-pokok-pddikti.pdf,Formulir Akademik,FORM PERMOHONAN PERBAIKAN DATA POKOK PDDIKTI,09_Formulir,09_Formulir/form-permohonan-perbaikan-data-pokok-pddikti.pdf
Formulir Akademik/form-permohonan-perbaikan-data-pokok.pdf,Formulir Akademik,FORM PERMOHONAN PERBAIKAN DATA POKOK,09_Formulir,09_Formulir/form-permohonan-perbaikan-data-pokok.pdf
Formulir Akademik/format-surat-pernyataan-penerima-kipk.pdf,Formulir Akademik,FORMAT SURAT PERNYATAAN PENERIMA KIPK,09_Formulir,09_Formulir/format-surat-pernyataan-penerima-kipk.pdf
Formulir Akademik/formulir-pendaftaran-persetujuan-dan-konversi-mbkm.pdf,Formulir Akademik,"Formulir Pendaftaran, Persetujuan dan Konversi MBKM",09_Formulir,09_Formulir/formulir-pendaftaran-persetujuan-dan-konversi-mbkm.pdf
Formulir Akademik/formulir_pendaftaran_beasiswa_ika-pens.pdf,Formulir Akademik,Formulir_Pendaftaran_Beasiswa_IKA-PENS,09_Formulir,09_Formulir/formulir_pendaftaran_beasiswa_ika-pens.pdf
Formulir Akademik/surat-pernyataan-pens-attendance.pdf,Formulir Akademik,Surat Pernyataan PENS ATTENDANCE,09_Formulir,09_Formulir/surat-pernyataan-pens-attendance.pdf
Formulir Akademik/surat-pernyataan-smart-card.pdf,Formulir Akademik,Surat Pernyataan SMART CARD,09_Formulir,09_Formulir/surat-pernyataan-smart-card.pdf
Jaringan Dokumentasi dan Informasi Hukum/nomor-17-tahun-2025-otk-pens.pdf,Jaringan Dokumentasi dan Informasi Hukum,Nomor 17 Tahun 2025 OTK PENS,03_Peraturan & Keputusan Menteri,03_Peraturan & Keputusan Menteri/nomor-17-tahun-2025-otk-pens.pdf
Jaringan Dokumentasi dan Informasi Hukum/permenristekdikti-59_2018_tentang_ijazah-sertifikat-profesi-gelar-dan-tata-cara-penulisan-gelar-di-perguruan-tinggi.pdf,Jaringan Dokumentasi dan Informasi Hukum,"Permenristekdikti 59_2018_Tentang_Ijazah, Sertifikat Profesi, Gelar, Dan Tata Cara Penulisan Gelar di Perguruan Tinggi",03_Peraturan & Keputusan Menteri,03_Peraturan & Keputusan Menteri/permenristekdikti-59_2018_tentang_ijazah-sertifikat-profesi-gelar-dan-tata-cara-penulisan-gelar-di-perguruan-tinggi.pdf
Jaringan Dokumentasi dan Informasi Hukum/permenristekdikti-no-49-tahun-2018-tentang-komite-nasional-kualifikasi-indonesia.pdf,Jaringan Dokumentasi dan Informasi Hukum,Permenristekdikti no. 49 Tahun 2018 tentang Komite Nasional Kualifikasi Indonesia,03_Peraturan & Keputusan Menteri,03_Peraturan & Keputusan Menteri/permenristekdikti-no-49-tahun-2018-tentang-komite-nasional-kualifikasi-indonesia.pdf
Jaringan Dokumentasi dan Informasi Hukum/permenristekdikti-no-50-tahun-2018-tentang-perubahan-atas-permenristekdikti-no-44-tahun-2015-tentang-standar-nasional-pendidikan-tinggi.pdf,Jaringan Dokumentasi dan Informasi Hukum,Permenristekdikti no.50 Tahun 2018 tentang Perubahan atas Permenristekdikti no. 44 Tahun 2015 tentang Standar Nasional Pendidikan Tinggi,03_Peraturan & Keputusan Menteri,03_Peraturan & Keputusan Menteri/permenristekdikti-no-50-tahun-2018-tentang-perubahan-atas-permenristekdikti-no-44-tahun-2015-tentang-standar-nasional-pendidikan-tinggi.pdf
Jaringan Dokumentasi dan Informasi Hukum/permenristekdikti-no-51-tahun-2018-tentang-pendirian-perubahan-pembubaran-ptn-dan-pendirian-perubahan-dan-pencabutan-ijin-pts.pdf,Jaringan Dokumentasi dan Informasi Hukum,"Permenristekdikti no. 51 Tahun 2018 tentang Pendirian, Perubahan, Pembubaran PTN, dan Pendirian, Perubahan dan Pencabutan ijin PTS",03_Peraturan & Keputusan Menteri,03_Peraturan & Keputusan Menteri/permenristekdikti-no-51-tahun-2018-tentang-pendirian-perubahan-pembubaran-ptn-dan-pendirian-perubahan-dan-pencabutan-ijin-pts.pdf
Jaringan Dokumentasi dan Informasi Hukum/permenristekdikti-no-52-tahun-2018-tentang-prosedur-pendirian-perguruan-tinggi-swasta-pembukaan-program-studi-dan-kerja-sama-joint-program-pada-perguruan-tinggi-swasta.pdf,Jaringan Dokumentasi dan Informasi Hukum,"Permenristekdikti no. 52 Tahun 2018 tentang Prosedur Pendirian Perguruan Tinggi Swasta, Pembukaan Program Studi, dan Kerja Sama Joint Program pada Perguruan Tinggi Swasta",03_Peraturan & Keputusan Menteri,03_Peraturan & Keputusan Menteri/permenristekdikti-no-52-tahun-2018-tentang-prosedur-pendirian-perguruan-tinggi-swasta-pembukaan-program-studi-dan-kerja-sama-joint-program-pada-perguruan-tinggi-swasta.pdf
Jaringan Dokumentasi dan Informasi Hukum/permenristekdikti-no-53-tahun-2018-tentang-perguruan-tinggi-luar-negeri.pdf,Jaringan Dokumentasi dan Informasi Hukum,Permenristekdikti no. 53 Tahun 2018 tentang Perguruan Tinggi Luar Negeri,03_Peraturan & Keputusan Menteri,03_Peraturan & Keputusan Menteri/permenristekdikti-no-53-tahun-2018-tentang-perguruan-tinggi-luar-negeri.pdf
Jaringan Dokumentasi dan Informasi Hukum/permenristekdikti-no-54-tahun-2018-tentang-penyelenggaraan-program-diploma-dalam-sistem-terbuka-pada-perguruan-tinggi.pdf,Jaringan Dokumentasi dan Informasi Hukum,Permenristekdikti no. 54 Tahun 2018 tentang Penyelenggaraan Program Diploma Dalam Sistem Terbuka Pada Perguruan Tinggi,03_Peraturan & Keputusan Menteri,03_Peraturan & Keputusan Menteri/permenristekdikti-no-54-tahun-2018-tentang-penyelenggaraan-program-diploma-dalam-sistem-terbuka-pada-perguruan-tinggi.pdf
Jaringan Dokumentasi dan Informasi Hukum/permenristekdikti_54_2018_tentang_penyelenggaraan_program_vokasi_terbuka.pdf,Jaringan Dokumentasi dan Informasi Hukum,PERMENRISTEKDIKTI_54_2018_Tentang_penyelenggaraan_PRogram_Vokasi_terbuka,03_Peraturan & Keputusan Menteri,03_Peraturan & Keputusan Menteri/permenristekdikti_54_2018_tentang_penyelenggaraan_program_vokasi_terbuka.pdf
Jaringan Dokumentasi dan Informasi Hukum/pp-37-tahun-2009-dosen.pdf,Jaringan Dokumentasi dan Informasi Hukum,PP 37 Tahun 2009 DOSEN,01_Undang-Undang & Peraturan Pemerintah,01_Undang-Undang & Peraturan Pemerintah/pp-37-tahun-2009-dosen.pdf
Jaringan Dokumentasi dan Informasi Hukum/public-peraturan-direktur-tentang-pengelolaan-sarana-dan-prasarana-pens.pdf,Jaringan Dokumentasi dan Informasi Hukum,[public] Peraturan Direktur Tentang Pengelolaan Sarana dan Prasarana PENS,04_Peraturan Direktur & Peraturan Internal,04_Peraturan Direktur & Peraturan Internal/public-peraturan-direktur-tentang-pengelolaan-sarana-dan-prasarana-pens.pdf
Jaringan Dokumentasi dan Informasi Hukum/salinan_perdir_1_2019_tentang_distribusi-dana-kerjasama.pdf,Jaringan Dokumentasi dan Informasi Hukum,SALINAN_PERDIR_1_2019_Tentang_Distribusi dana kerjasama,04_Peraturan Direktur & Peraturan Internal,04_Peraturan Direktur & Peraturan Internal/salinan_perdir_1_2019_tentang_distribusi-dana-kerjasama.pdf
Jaringan Dokumentasi dan Informasi Hukum/uu-12-tahun-2012_tentang-pendidikan-tinggi.pdf,Jaringan Dokumentasi dan Informasi Hukum,UU 12 Tahun 2012_Tentang Pendidikan Tinggi,01_Undang-Undang & Peraturan Pemerintah,01_Undang-Undang & Peraturan Pemerintah/uu-12-tahun-2012_tentang-pendidikan-tinggi.pdf
KERJASAMA PLN/hasil-seleksi-pln-2019.pdf,KERJASAMA PLN,HASIL-SELEKSI-PLN-2019,05_Surat Keputusan (SK)/Penerimaan Mahasiswa Baru,05_Surat Keputusan (SK)/Penerimaan Mahasiswa Baru/hasil-seleksi-pln-2019.pdf
KUOTA/1-sk-penetapan-kuota-daya-tampung-maba-tahun-2025-2026.pdf,KUOTA,1. SK PENETAPAN KUOTA DAYA TAMPUNG MABA TAHUN 2025-2026,05_Surat Keputusan (SK)/Penerimaan Mahasiswa Baru,05_Surat Keputusan (SK)/Penerimaan Mahasiswa Baru/1-sk-penetapan-kuota-daya-tampung-maba-tahun-2025-2026.pdf
KUOTA/1-surat-permohonan-penambahan-prodi-baru-untuk-pmb-pens-tahun-2026.pdf,KUOTA,1. SURAT PERMOHONAN PENAMBAHAN PRODI BARU UNTUK PMB PENS TAHUN 2026,05_Surat Keputusan (SK)/Penerimaan Mahasiswa Baru,05_Surat Keputusan (SK)/Penerimaan Mahasiswa Baru/1-surat-permohonan-penambahan-prodi-baru-untuk-pmb-pens-tahun-2026.pdf
KUOTA/2-sk-penetapan-kuota-daya-tampung-mahasiswa-baru-pens-tahun-akademik-2026-2027.pdf,KUOTA,2. SK PENETAPAN KUOTA DAYA TAMPUNG MAHASISWA BARU PENS TAHUN AKADEMIK 2026-2027,05_Surat Keputusan (SK)/Penerimaan Mahasiswa Baru,05_Surat Keputusan (SK)/Penerimaan Mahasiswa Baru/2-sk-penetapan-kuota-daya-tampung-mahasiswa-baru-pens-tahun-akademik-2026-2027.pdf
KUOTA/2-sk-penetapan-petunjuk-teknis-pelaksanaan-seleksi-pmb-pens-tahun-akademik-2025-2026.pdf,KUOTA,2. SK PENETAPAN PETUNJUK TEKNIS PELAKSANAAN SELEKSI PMB PENS TAHUN AKADEMIK 2025-2026,05_Surat Keputusan (SK)/Penerimaan Mahasiswa Baru,05_Surat Keputusan (SK)/Penerimaan Mahasiswa Baru/2-sk-penetapan-petunjuk-teknis-pelaksanaan-seleksi-pmb-pens-tahun-akademik-2025-2026.pdf
KUOTA/3-sk-perubahan-penetapan-kuota-maba-sesuai-snbp-2025-2026.pdf,KUOTA,3. SK PERUBAHAN PENETAPAN KUOTA MABA SESUAI SNBP 2025-2026,05_Surat Keputusan (SK)/Penerimaan Mahasiswa Baru,05_Surat Keputusan (SK)/Penerimaan Mahasiswa Baru/3-sk-perubahan-penetapan-kuota-maba-sesuai-snbp-2025-2026.pdf
KUOTA/4-sk-perubahan-penetapan-kuota-maba-sesuai-snbt-tahun-2025-2026.pdf,KUOTA,4. SK PERUBAHAN PENETAPAN KUOTA MABA SESUAI SNBT TAHUN 2025-2026,05_Surat Keputusan (SK)/Penerimaan Mahasiswa Baru,05_Surat Keputusan (SK)/Penerimaan Mahasiswa Baru/4-sk-perubahan-penetapan-kuota-maba-sesuai-snbt-tahun-2025-2026.pdf
KUOTA/5-sk-perubahan-penetapan-kuota-maba-sesuai-simandiri-gel-1-tahun-2025-2026.pdf,KUOTA,5. SK PERUBAHAN PENETAPAN KUOTA MABA SESUAI SIMANDIRI GEL 1 TAHUN 2025-2026,05_Surat Keputusan (SK)/Penerimaan Mahasiswa Baru,05_Surat Keputusan (SK)/Penerimaan Mahasiswa Baru/5-sk-perubahan-penetapan-kuota-maba-sesuai-simandiri-gel-1-tahun-2025-2026.pdf
KUOTA/6-sk-perubahan-penetapan-kuota-maba-sesuai-simandiri-gel-2-tahun-2025-2026.pdf,KUOTA,6. SK PERUBAHAN PENETAPAN KUOTA MABA SESUAI SIMANDIRI GEL 2 TAHUN 2025-2026,05_Surat Keputusan (SK)/Penerimaan Mahasiswa Baru,05_Surat Keputusan (SK)/Penerimaan Mahasiswa Baru/6-sk-perubahan-penetapan-kuota-maba-sesuai-simandiri-gel-2-tahun-2025-2026.pdf
KUOTA/7-sk-penetapan-mahasiswa-baru-tahun-akademik-2025-2026.pdf,KUOTA,7. SK PENETAPAN MAHASISWA BARU TAHUN AKADEMIK 2025-2026,05_Surat Keputusan (SK)/Penerimaan Mahasiswa Baru,05_Surat Keputusan (SK)/Penerimaan Mahasiswa Baru/7-sk-penetapan-mahasiswa-baru-tahun-akademik-2025-2026.pdf
KUOTA/perubahan-kuota-daya-tampung-2026-1.pdf,KUOTA,PERUBAHAN KUOTA DAYA TAMPUNG 2026 (1),05_Surat Keputusan (SK)/Penerimaan Mahasiswa Baru,05_Surat Keputusan (SK)/Penerimaan Mahasiswa Baru/perubahan-kuota-daya-tampung-2026-1.pdf
KUOTA/revisi-penetapan-kuota-daya-tampung-maba-pens-tahun-akademik-2026-2027.pdf,KUOTA,REVISI PENETAPAN KUOTA DAYA TAMPUNG MABA PENS TAHUN AKADEMIK 2026-2027,05_Surat Keputusan (SK)/Penerimaan Mahasiswa Baru,05_Surat Keputusan (SK)/Penerimaan Mahasiswa Baru/revisi-penetapan-kuota-daya-tampung-maba-pens-tahun-akademik-2026-2027.pdf
KUOTA/sk-kuota-maba-2021-2022.pdf,KUOTA,SK KUOTA MABA 2021-2022,05_Surat Keputusan (SK)/Penerimaan Mahasiswa Baru,05_Surat Keputusan (SK)/Penerimaan Mahasiswa Baru/sk-kuota-maba-2021-2022.pdf
KUOTA/sk-kuota-sesuai-snbt-snbp-simandiri-gel-1-dan-2-tahun-2024-2025.pdf,KUOTA,SK KUOTA SESUAI SNBT-SNBP-SIMANDIRI GEL 1 DAN 2 TAHUN 2024-2025,05_Surat Keputusan (SK)/Penerimaan Mahasiswa Baru,05_Surat Keputusan (SK)/Penerimaan Mahasiswa Baru/sk-kuota-sesuai-snbt-snbp-simandiri-gel-1-dan-2-tahun-2024-2025.pdf
KUOTA/sk-penetapan-kuota-daya-tampung-mahasiswa-baru-tahun-akademik-2022-2023-119.pdf,KUOTA,SK PENETAPAN KUOTA DAYA TAMPUNG MAHASISWA BARU TAHUN AKADEMIK 2022-2023-119,05_Surat Keputusan (SK)/Penerimaan Mahasiswa Baru,05_Surat Keputusan (SK)/Penerimaan Mahasiswa Baru/sk-penetapan-kuota-daya-tampung-mahasiswa-baru-tahun-akademik-2022-2023-119.pdf
KUOTA/sk-penetapan-kuota-mahasiswa-baru-tahun-akademik-2024-2025.pdf,KUOTA,SK PENETAPAN KUOTA MAHASISWA BARU TAHUN AKADEMIK 2024-2025,05_Surat Keputusan (SK)/Penerimaan Mahasiswa Baru,05_Surat Keputusan (SK)/Penerimaan Mahasiswa Baru/sk-penetapan-kuota-mahasiswa-baru-tahun-akademik-2024-2025.pdf
KUOTA/sk-penetapan-kuota-tahun-akademik-2023-2024.pdf,KUOTA,SK PENETAPAN KUOTA TAHUN AKADEMIK 2023-2024,05_Surat Keputusan (SK)/Penerimaan Mahasiswa Baru,05_Surat Keputusan (SK)/Penerimaan Mahasiswa Baru/sk-penetapan-kuota-tahun-akademik-2023-2024.pdf
KUOTA/sk-penetapan-maba-2023.pdf,KUOTA,SK PENETAPAN MABA 2023,05_Surat Keputusan (SK)/Penerimaan Mahasiswa Baru,05_Surat Keputusan (SK)/Penerimaan Mahasiswa Baru/sk-penetapan-maba-2023.pdf
KUOTA/sk-penetapan-maba-2024.pdf,KUOTA,SK. PENETAPAN MABA 2024,05_Surat Keputusan (SK)/Penerimaan Mahasiswa Baru,05_Surat Keputusan (SK)/Penerimaan Mahasiswa Baru/sk-penetapan-maba-2024.pdf
KUOTA/sk-penetapan-maba-tahun-akademik-2022-2023.pdf,KUOTA,SK PENETAPAN MABA TAHUN AKADEMIK 2022-2023,05_Surat Keputusan (SK)/Penerimaan Mahasiswa Baru,05_Surat Keputusan (SK)/Penerimaan Mahasiswa Baru/sk-penetapan-maba-tahun-akademik-2022-2023.pdf
KUOTA/sk-penetapan-maba.pdf,KUOTA,SK PENETAPAN MABA,05_Surat Keputusan (SK)/Penerimaan Mahasiswa Baru,05_Surat Keputusan (SK)/Penerimaan Mahasiswa Baru/sk-penetapan-maba.pdf
KUOTA/sk-penetapan-petunjuk-teknis-sistem-pmb-tahun-2023-2024.pdf,KUOTA,SK PENETAPAN PETUNJUK TEKNIS SISTEM PMB TAHUN 2023-2024,05_Surat Keputusan (SK)/Penerimaan Mahasiswa Baru,05_Surat Keputusan (SK)/Penerimaan Mahasiswa Baru/sk-penetapan-petunjuk-teknis-sistem-pmb-tahun-2023-2024.pdf
KUOTA/sk-perubahan-kuota-kuota-simandiri-ii.pdf,KUOTA,SK PERUBAHAN KUOTA [KUOTA SIMANDIRI II],05_Surat Keputusan (SK)/Penerimaan Mahasiswa Baru,05_Surat Keputusan (SK)/Penerimaan Mahasiswa Baru/sk-perubahan-kuota-kuota-simandiri-ii.pdf
KUOTA/sk-perubahan-kuota-maba-tahun-2024-2025.pdf,KUOTA,SK PERUBAHAN KUOTA MABA TAHUN 2024-2025,05_Surat Keputusan (SK)/Penerimaan Mahasiswa Baru,05_Surat Keputusan (SK)/Penerimaan Mahasiswa Baru/sk-perubahan-kuota-maba-tahun-2024-2025.pdf
KUOTA/sk-perubahan-kuota-mandiri-pens-2026.pdf,KUOTA,SK PERUBAHAN KUOTA MANDIRI PENS 2026,05_Surat Keputusan (SK)/Penerimaan Mahasiswa Baru,05_Surat Keputusan (SK)/Penerimaan Mahasiswa Baru/sk-perubahan-kuota-mandiri-pens-2026.pdf
KUOTA/sk-perubahan-penetapan-kuota-maba-sesuai-snbp-2024-2025.pdf,KUOTA,SK PERUBAHAN PENETAPAN KUOTA MABA SESUAI SNBP 2024-2025,05_Surat Keputusan (SK)/Penerimaan Mahasiswa Baru,05_Surat Keputusan (SK)/Penerimaan Mahasiswa Baru/sk-perubahan-penetapan-kuota-maba-sesuai-snbp-2024-2025.pdf
KUOTA/sk-perubahan-penetapan-kuota-maba-sesuai-snbt-2024-2025.pdf,KUOTA,SK PERUBAHAN PENETAPAN KUOTA MABA SESUAI SNBT 2024-2025,05_Surat Keputusan (SK)/Penerimaan Mahasiswa Baru,05_Surat Keputusan (SK)/Penerimaan Mahasiswa Baru/sk-perubahan-penetapan-kuota-maba-sesuai-snbt-2024-2025.pdf
KUOTA/sk-perubahan-penetapan-kuota-snbt.pdf,KUOTA,SK PERUBAHAN PENETAPAN KUOTA - SNBT,05_Surat Keputusan (SK)/Penerimaan Mahasiswa Baru,05_Surat Keputusan (SK)/Penerimaan Mahasiswa Baru/sk-perubahan-penetapan-kuota-snbt.pdf
KUOTA/sk-petunjuk-teknis-pmb-tahun-akademik-2024-2025.pdf,KUOTA,SK PETUNJUK TEKNIS PMB TAHUN AKADEMIK 2024-2025,05_Surat Keputusan (SK)/Penerimaan Mahasiswa Baru,05_Surat Keputusan (SK)/Penerimaan Mahasiswa Baru/sk-petunjuk-teknis-pmb-tahun-akademik-2024-2025.pdf
Kalender Akademik/kalender-akademik-tahun-2018-2019.pdf,Kalender Akademik,KALENDER AKADEMIK TAHUN 2018-2019,10_Jadwal & Kalender Akademik,10_Jadwal & Kalender Akademik/kalender-akademik-tahun-2018-2019.pdf
Kalender Akademik/kalender-akademik-tahun-2020-2021.pdf,Kalender Akademik,KALENDER AKADEMIK TAHUN 2020-2021,10_Jadwal & Kalender Akademik,10_Jadwal & Kalender Akademik/kalender-akademik-tahun-2020-2021.pdf
Kalender Akademik/kalender-akademik-tahun-2021-2022.pdf,Kalender Akademik,KALENDER AKADEMIK TAHUN 2021-2022,10_Jadwal & Kalender Akademik,10_Jadwal & Kalender Akademik/kalender-akademik-tahun-2021-2022.pdf
Kalender Akademik/kalender-akademik-tahun-2022-2023.pdf,Kalender Akademik,KALENDER AKADEMIK TAHUN 2022-2023,10_Jadwal & Kalender Akademik,10_Jadwal & Kalender Akademik/kalender-akademik-tahun-2022-2023.pdf
Kalender Akademik/kalender-akademik-tahun-2023-2024.pdf,Kalender Akademik,KALENDER AKADEMIK TAHUN 2023-2024,10_Jadwal & Kalender Akademik,10_Jadwal & Kalender Akademik/kalender-akademik-tahun-2023-2024.pdf
Kalender Akademik/pengumuman-perubahan-kalender-akademik-semester-genap-2023-2024-2.pdf,Kalender Akademik,PENGUMUMAN PERUBAHAN KALENDER AKADEMIK SEMESTER GENAP 2023-2024,06_Pengumuman,06_Pengumuman/pengumuman-perubahan-kalender-akademik-semester-genap-2023-2024-2.pdf
Kalender Akademik/perubahan-kalender-akademik-semester-genap-2022-2023.pdf,Kalender Akademik,PERUBAHAN KALENDER AKADEMIK SEMESTER GENAP 2022-2023,10_Jadwal & Kalender Akademik,10_Jadwal & Kalender Akademik/perubahan-kalender-akademik-semester-genap-2022-2023.pdf
Kalender Akademik/revisi-kalender-akademik-semester-genap-tahun-akademik-2023-2024.pdf,Kalender Akademik,REVISI KALENDER AKADEMIK SEMESTER GENAP TAHUN AKADEMIK 2023-2024,10_Jadwal & Kalender Akademik,10_Jadwal & Kalender Akademik/revisi-kalender-akademik-semester-genap-tahun-akademik-2023-2024.pdf
Kalender Akademik/revisi-kalender-akademik-tahun-2019-2020.pdf,Kalender Akademik,REVISI KALENDER AKADEMIK TAHUN 2019-2020,10_Jadwal & Kalender Akademik,10_Jadwal & Kalender Akademik/revisi-kalender-akademik-tahun-2019-2020.pdf
Kalender Akademik/revisi-kalender-akademik-tahun-2021-2022.pdf,Kalender Akademik,REVISI KALENDER AKADEMIK TAHUN 2021-2022,10_Jadwal & Kalender Akademik,10_Jadwal & Kalender Akademik/revisi-kalender-akademik-tahun-2021-2022.pdf
Kalender Akademik/revisi-kalender-akademik-tahun-akademik-2025-2026.pdf,Kalender Akademik,REVISI KALENDER AKADEMIK TAHUN AKADEMIK 2025-2026,10_Jadwal & Kalender Akademik,10_Jadwal & Kalender Akademik/revisi-kalender-akademik-tahun-akademik-2025-2026.pdf
Kalender Akademik/sk-kalender-akademik-tahun-2024-2025.pdf,Kalender Akademik,SK KALENDER AKADEMIK TAHUN 2024-2025,05_Surat Keputusan (SK)/Kalender Akademik,05_Surat Keputusan (SK)/Kalender Akademik/sk-kalender-akademik-tahun-2024-2025.pdf
Kalender Akademik/sk-kalender-akademik-tahun-akademik-2025-2026.pdf,Kalender Akademik,SK KALENDER AKADEMIK TAHUN AKADEMIK 2025-2026,05_Surat Keputusan (SK)/Kalender Akademik,05_Surat Keputusan (SK)/Kalender Akademik/sk-kalender-akademik-tahun-akademik-2025-2026.pdf
Kalender Akademik/sk-kalender-akademik-tahun-akademik-2026-2027-1.pdf,Kalender Akademik,SK KALENDER AKADEMIK TAHUN AKADEMIK 2026-2027-1,05_Surat Keputusan (SK)/Kalender Akademik,05_Surat Keputusan (SK)/Kalender Akademik/sk-kalender-akademik-tahun-akademik-2026-2027-1.pdf
Kegiatan Pegawai/kegiatan-jumat-bersih.pdf,Kegiatan Pegawai,Kegiatan Jumat Bersih,13_Laporan Kegiatan & Kinerja,13_Laporan Kegiatan & Kinerja/kegiatan-jumat-bersih.pdf
Kegiatan Pegawai/laporan-kegiatan-pengembangan-sdm-2018.pdf,Kegiatan Pegawai,Laporan Kegiatan pengembangan SDM-2018,13_Laporan Kegiatan & Kinerja,13_Laporan Kegiatan & Kinerja/laporan-kegiatan-pengembangan-sdm-2018.pdf
Kegiatan Pegawai/laporan-kegiatan-pengembangan-sdm-2019.pdf,Kegiatan Pegawai,Laporan Kegiatan Pengembangan SDM 2019,13_Laporan Kegiatan & Kinerja,13_Laporan Kegiatan & Kinerja/laporan-kegiatan-pengembangan-sdm-2019.pdf
Kegiatan Pegawai/laporan-senam-20-09-2019.pdf,Kegiatan Pegawai,LAPORAN SENAM (20-09-2019),13_Laporan Kegiatan & Kinerja,13_Laporan Kegiatan & Kinerja/laporan-senam-20-09-2019.pdf
Kegiatan Pegawai/pengembangan-sdm-penguatan-spiritual-2018.pdf,Kegiatan Pegawai,pengembangan SDM Penguatan Spiritual 2018,13_Laporan Kegiatan & Kinerja,13_Laporan Kegiatan & Kinerja/pengembangan-sdm-penguatan-spiritual-2018.pdf
Kelas IUP/daftar-ulang-inter-gel-1-2026-2027.pdf,Kelas IUP,Daftar Ulang Inter Gel 1 2026-2027,05_Surat Keputusan (SK)/Penerimaan Mahasiswa Baru,05_Surat Keputusan (SK)/Penerimaan Mahasiswa Baru/daftar-ulang-inter-gel-1-2026-2027.pdf
Kelas IUP/rev-daftar-ulang-kelas-inter-gel-2.pdf,Kelas IUP,Rev. Daftar Ulang Kelas Inter Gel 2,05_Surat Keputusan (SK)/Penerimaan Mahasiswa Baru,05_Surat Keputusan (SK)/Penerimaan Mahasiswa Baru/rev-daftar-ulang-kelas-inter-gel-2.pdf
Kelas IUP/sk-hasil-daftar-ulang-kelas-iup-gel-2.pdf,Kelas IUP,SK HASIL DAFTAR ULANG KELAS IUP GEL 2,05_Surat Keputusan (SK)/Penerimaan Mahasiswa Baru,05_Surat Keputusan (SK)/Penerimaan Mahasiswa Baru/sk-hasil-daftar-ulang-kelas-iup-gel-2.pdf
Kelas IUP/sk-peneteapan-kelas-iup-gel-1.pdf,Kelas IUP,SK PENETEAPAN KELAS IUP GEL 1,05_Surat Keputusan (SK)/Penerimaan Mahasiswa Baru,05_Surat Keputusan (SK)/Penerimaan Mahasiswa Baru/sk-peneteapan-kelas-iup-gel-1.pdf
Kemahasiswaan/1-pkm.pdf,Kemahasiswaan,1-PKM,"14_SOP, POB & Standar Pelayanan","14_SOP, POB & Standar Pelayanan/1-pkm.pdf"
Kemahasiswaan/1-pob-input-dokumen.pdf,Kemahasiswaan,1-POB INPUT DOKUMEN,"14_SOP, POB & Standar Pelayanan","14_SOP, POB & Standar Pelayanan/1-pob-input-dokumen.pdf"
Kemahasiswaan/1-surat-ijin.pdf,Kemahasiswaan,1-SURAT IJIN,"14_SOP, POB & Standar Pelayanan","14_SOP, POB & Standar Pelayanan/1-surat-ijin.pdf"
Kemahasiswaan/10-pob-surat-tugas.pdf,Kemahasiswaan,10-POB SURAT TUGAS,"14_SOP, POB & Standar Pelayanan","14_SOP, POB & Standar Pelayanan/10-pob-surat-tugas.pdf"
Kemahasiswaan/11-pob-keputusan-direktur.pdf,Kemahasiswaan,11-POB KEPUTUSAN DIREKTUR,"14_SOP, POB & Standar Pelayanan","14_SOP, POB & Standar Pelayanan/11-pob-keputusan-direktur.pdf"
Kemahasiswaan/12-pob-pengarsipan.pdf,Kemahasiswaan,12-POB PENGARSIPAN,"14_SOP, POB & Standar Pelayanan","14_SOP, POB & Standar Pelayanan/12-pob-pengarsipan.pdf"
Kemahasiswaan/2-pob-penyusunan-rkakl.pdf,Kemahasiswaan,2-POB PENYUSUNAN RKAKL,"14_SOP, POB & Standar Pelayanan","14_SOP, POB & Standar Pelayanan/2-pob-penyusunan-rkakl.pdf"
Kemahasiswaan/2-robot.pdf,Kemahasiswaan,2-ROBOT,"14_SOP, POB & Standar Pelayanan","14_SOP, POB & Standar Pelayanan/2-robot.pdf"
Kemahasiswaan/2-surket-aktif-organisasi.pdf,Kemahasiswaan,2-SURKET AKTIF ORGANISASI,"14_SOP, POB & Standar Pelayanan","14_SOP, POB & Standar Pelayanan/2-surket-aktif-organisasi.pdf"
Kemahasiswaan/3-dana-ormawa.pdf,Kemahasiswaan,3-DANA ORMAWA,"14_SOP, POB & Standar Pelayanan","14_SOP, POB & Standar Pelayanan/3-dana-ormawa.pdf"
Kemahasiswaan/3-pob-revisi-rkakl.pdf,Kemahasiswaan,3-POB REVISI RKAKL,"14_SOP, POB & Standar Pelayanan","14_SOP, POB & Standar Pelayanan/3-pob-revisi-rkakl.pdf"
Kemahasiswaan/3-pusat-pelatihan.pdf,Kemahasiswaan,3-PUSAT PELATIHAN,"14_SOP, POB & Standar Pelayanan","14_SOP, POB & Standar Pelayanan/3-pusat-pelatihan.pdf"
Kemahasiswaan/4-kompetisi-evaluasi.pdf,Kemahasiswaan,4-KOMPETISI &amp; EVALUASI,"14_SOP, POB & Standar Pelayanan","14_SOP, POB & Standar Pelayanan/4-kompetisi-evaluasi.pdf"
Kemahasiswaan/4-pob-pengelolaan-surat-menyurat.pdf,Kemahasiswaan,4-POB PENGELOLAAN SURAT MENYURAT,"14_SOP, POB & Standar Pelayanan","14_SOP, POB & Standar Pelayanan/4-pob-pengelolaan-surat-menyurat.pdf"
Kemahasiswaan/4-prestasi-mahasiswa.pdf,Kemahasiswaan,4-PRESTASI MAHASISWA,"14_SOP, POB & Standar Pelayanan","14_SOP, POB & Standar Pelayanan/4-prestasi-mahasiswa.pdf"
Kemahasiswaan/5-laporan-kegiatan.pdf,Kemahasiswaan,5-LAPORAN KEGIATAN,"14_SOP, POB & Standar Pelayanan","14_SOP, POB & Standar Pelayanan/5-laporan-kegiatan.pdf"
Kemahasiswaan/5-pmw.pdf,Kemahasiswaan,5-PMW,"14_SOP, POB & Standar Pelayanan","14_SOP, POB & Standar Pelayanan/5-pmw.pdf"
Kemahasiswaan/5-pob-pengajuan-kp.pdf,Kemahasiswaan,5-POB PENGAJUAN KP,"14_SOP, POB & Standar Pelayanan","14_SOP, POB & Standar Pelayanan/5-pob-pengajuan-kp.pdf"
Kemahasiswaan/6-pembinaan-pmw.pdf,Kemahasiswaan,6-PEMBINAAN PMW,"14_SOP, POB & Standar Pelayanan","14_SOP, POB & Standar Pelayanan/6-pembinaan-pmw.pdf"
Kemahasiswaan/6-peminjaman-ruangan.pdf,Kemahasiswaan,6-PEMINJAMAN RUANGAN,"14_SOP, POB & Standar Pelayanan","14_SOP, POB & Standar Pelayanan/6-peminjaman-ruangan.pdf"
Kemahasiswaan/6-pob-peminjaman-alat-perkuliahan.pdf,Kemahasiswaan,6-POB PEMINJAMAN ALAT PERKULIAHAN,"14_SOP, POB & Standar Pelayanan","14_SOP, POB & Standar Pelayanan/6-pob-peminjaman-alat-perkuliahan.pdf"
Kemahasiswaan/7-kompetisi-pmw.pdf,Kemahasiswaan,7-KOMPETISI PMW,"14_SOP, POB & Standar Pelayanan","14_SOP, POB & Standar Pelayanan/7-kompetisi-pmw.pdf"
Kemahasiswaan/7-pob-pengumuman-kegiatan-mhs.pdf,Kemahasiswaan,7-POB PENGUMUMAN KEGIATAN MHS,"14_SOP, POB & Standar Pelayanan","14_SOP, POB & Standar Pelayanan/7-pob-pengumuman-kegiatan-mhs.pdf"
Kemahasiswaan/8-pob-skpi.pdf,Kemahasiswaan,8-POB SKPI,"14_SOP, POB & Standar Pelayanan","14_SOP, POB & Standar Pelayanan/8-pob-skpi.pdf"
Kemahasiswaan/9-pob-sistem-informasi.pdf,Kemahasiswaan,9-POB SISTEM INFORMASI,"14_SOP, POB & Standar Pelayanan","14_SOP, POB & Standar Pelayanan/9-pob-sistem-informasi.pdf"
Kemahasiswaan/peraturan-direktur_tentang-layanan-kemahasiswaan.pdf,Kemahasiswaan,PERATURAN-DIREKTUR_Tentang-LAYANAN-KEMAHASISWAAN,04_Peraturan Direktur & Peraturan Internal,04_Peraturan Direktur & Peraturan Internal/peraturan-direktur_tentang-layanan-kemahasiswaan.pdf
Kemahasiswaan/peraturan-direktur_tentang-penerimaan-mahasiswa-baru.pdf,Kemahasiswaan,PERATURAN-DIREKTUR_Tentang-PENERIMAAN-MAHASISWA-BARU,04_Peraturan Direktur & Peraturan Internal,04_Peraturan Direktur & Peraturan Internal/peraturan-direktur_tentang-penerimaan-mahasiswa-baru.pdf
Kemahasiswaan/peraturan-direktur_tentang-tata-cara-kehidupan-kampus-bagi-mahasiswa.pdf,Kemahasiswaan,PERATURAN-DIREKTUR_Tentang-TATA-CARA-KEHIDUPAN-KAMPUS-BAGI-MAHASISWA,04_Peraturan Direktur & Peraturan Internal,04_Peraturan Direktur & Peraturan Internal/peraturan-direktur_tentang-tata-cara-kehidupan-kampus-bagi-mahasiswa.pdf
Kemahasiswaan/peraturan-direktur_tentang-tata-kehidupan-kampus.pdf,Kemahasiswaan,PERATURAN-DIREKTUR_Tentang-TATA-KEHIDUPAN-KAMPUS,04_Peraturan Direktur & Peraturan Internal,04_Peraturan Direktur & Peraturan Internal/peraturan-direktur_tentang-tata-kehidupan-kampus.pdf
Kemahasiswaan/sk-pedoman-bantuan-kompetisi-mahasiswa-pens-2.pdf,Kemahasiswaan,SK PEDOMAN BANTUAN KOMPETISI MAHASISWA PENS,05_Surat Keputusan (SK)/Lainnya,05_Surat Keputusan (SK)/Lainnya/sk-pedoman-bantuan-kompetisi-mahasiswa-pens-2.pdf
Keuangan & Kepegawaian/cetak_draft_17072019_final-perdir_pengelolaan-sdm.pdf,Keuangan & Kepegawaian,CETAK_DRAFT_17072019_FINAL PERDIR_PENGELOLAAN SDM,04_Peraturan Direktur & Peraturan Internal,04_Peraturan Direktur & Peraturan Internal/cetak_draft_17072019_final-perdir_pengelolaan-sdm.pdf
Komputer/ijin-pedirian-prodi-div-tekom.pdf,Komputer,Ijin Pedirian Prodi DIV Tekom,05_Surat Keputusan (SK)/Pendirian & Izin Program Studi,05_Surat Keputusan (SK)/Pendirian & Izin Program Studi/ijin-pedirian-prodi-div-tekom.pdf
Komputer/perpanjangan-akreditasi-otomatis-11.pdf,Komputer,Perpanjangan Akreditasi Otomatis,03_Peraturan & Keputusan Menteri,03_Peraturan & Keputusan Menteri/perpanjangan-akreditasi-otomatis-11.pdf
Komputer/sertifikat-akreditasi-tekkom-2023.pdf,Komputer,Sertifikat Akreditasi Tekkom - 2023,05_Surat Keputusan (SK)/Akreditasi & Sertifikat Akreditasi,05_Surat Keputusan (SK)/Akreditasi & Sertifikat Akreditasi/sertifikat-akreditasi-tekkom-2023.pdf
Komputer/sk-ban-pt-d4-komputer-3-jan-2018-3-jan-2023.pdf,Komputer,SK-BAN-PT-D4-Komputer 3 Jan 2018 - 3 Jan 2023,05_Surat Keputusan (SK)/Akreditasi & Sertifikat Akreditasi,05_Surat Keputusan (SK)/Akreditasi & Sertifikat Akreditasi/sk-ban-pt-d4-komputer-3-jan-2018-3-jan-2023.pdf
Komputer/sk-ban-pt-d4-komputer-4-jan-2013-4-jan-2018.pdf,Komputer,SK-BAN-PT-D4-Komputer 4 Jan 2013 - 4 Jan 2018,05_Surat Keputusan (SK)/Akreditasi & Sertifikat Akreditasi,05_Surat Keputusan (SK)/Akreditasi & Sertifikat Akreditasi/sk-ban-pt-d4-komputer-4-jan-2013-4-jan-2018.pdf
Komputer/sk-d4-teknik-komputer-2023.pdf,Komputer,SK D4 Teknik Komputer - 2023,05_Surat Keputusan (SK)/Akreditasi & Sertifikat Akreditasi,05_Surat Keputusan (SK)/Akreditasi & Sertifikat Akreditasi/sk-d4-teknik-komputer-2023.pdf
Komputer/surat-keterangan-akreditasi-agustus-2011-januari-2013.pdf,Komputer,SURAT KETERANGAN AKREDITASI Agustus 2011 - Januari 2013,05_Surat Keputusan (SK)/Akreditasi & Sertifikat Akreditasi,05_Surat Keputusan (SK)/Akreditasi & Sertifikat Akreditasi/surat-keterangan-akreditasi-agustus-2011-januari-2013.pdf
Kurikulum 2019/penetapan-2019-sk-kurikulum-s2-elektro.pdf,Kurikulum 2019,(Penetapan 2019) - SK Kurikulum S2 Elektro,05_Surat Keputusan (SK)/Kurikulum,05_Surat Keputusan (SK)/Kurikulum/penetapan-2019-sk-kurikulum-s2-elektro.pdf
Kurikulum 2019/penetapan-2019-sk-kurikulum-s2-informatika-dan-komputer.pdf,Kurikulum 2019,(Penetapan 2019) - SK Kurikulum S2 Informatika dan Komputer,05_Surat Keputusan (SK)/Kurikulum,05_Surat Keputusan (SK)/Kurikulum/penetapan-2019-sk-kurikulum-s2-informatika-dan-komputer.pdf
Kurikulum 2022/penetapan-2022-sk-kurikulum-d3-t-elektro-industri.pdf,Kurikulum 2022,[Penetapan 2022] SK Kurikulum D3 T. Elektro Industri,05_Surat Keputusan (SK)/Kurikulum,05_Surat Keputusan (SK)/Kurikulum/penetapan-2022-sk-kurikulum-d3-t-elektro-industri.pdf
Kurikulum 2022/penetapan-2022-sk-kurikulum-d3-t-elektronika.pdf,Kurikulum 2022,[Penetapan 2022] SK Kurikulum D3 T. Elektronika,05_Surat Keputusan (SK)/Kurikulum,05_Surat Keputusan (SK)/Kurikulum/penetapan-2022-sk-kurikulum-d3-t-elektronika.pdf
Kurikulum 2022/penetapan-2022-sk-kurikulum-d3-t-informatika.pdf,Kurikulum 2022,[Penetapan 2022] SK Kurikulum D3 T. Informatika,05_Surat Keputusan (SK)/Kurikulum,05_Surat Keputusan (SK)/Kurikulum/penetapan-2022-sk-kurikulum-d3-t-informatika.pdf
Kurikulum 2022/penetapan-2022-sk-kurikulum-d3-t-mmb.pdf,Kurikulum 2022,[Penetapan 2022] SK Kurikulum D3 T. MMB,05_Surat Keputusan (SK)/Kurikulum,05_Surat Keputusan (SK)/Kurikulum/penetapan-2022-sk-kurikulum-d3-t-mmb.pdf
Kurikulum 2022/penetapan-2022-sk-kurikulum-d3-t-telekomunikasi.pdf,Kurikulum 2022,[Penetapan 2022] SK Kurikulum D3 T. Telekomunikasi,05_Surat Keputusan (SK)/Kurikulum,05_Surat Keputusan (SK)/Kurikulum/penetapan-2022-sk-kurikulum-d3-t-telekomunikasi.pdf
Kurikulum 2022/penetapan-2022-sk-kurikulum-d4-sdt.pdf,Kurikulum 2022,[Penetapan 2022] SK Kurikulum D4 SDT,05_Surat Keputusan (SK)/Kurikulum,05_Surat Keputusan (SK)/Kurikulum/penetapan-2022-sk-kurikulum-d4-sdt.pdf
Kurikulum 2022/penetapan-2022-sk-kurikulum-d4-spe.pdf,Kurikulum 2022,[Penetapan 2022] SK Kurikulum D4 SPE,05_Surat Keputusan (SK)/Kurikulum,05_Surat Keputusan (SK)/Kurikulum/penetapan-2022-sk-kurikulum-d4-spe.pdf
Kurikulum 2022/penetapan-2022-sk-kurikulum-d4-t-elektro-industri-rev.pdf,Kurikulum 2022,[Penetapan 2022] SK Kurikulum D4 T. Elektro Industri rev,05_Surat Keputusan (SK)/Kurikulum,05_Surat Keputusan (SK)/Kurikulum/penetapan-2022-sk-kurikulum-d4-t-elektro-industri-rev.pdf
Kurikulum 2022/penetapan-2022-sk-kurikulum-d4-t-elektronika.pdf,Kurikulum 2022,[Penetapan 2022] SK Kurikulum D4 T. Elektronika,05_Surat Keputusan (SK)/Kurikulum,05_Surat Keputusan (SK)/Kurikulum/penetapan-2022-sk-kurikulum-d4-t-elektronika.pdf
Kurikulum 2022/penetapan-2022-sk-kurikulum-d4-t-game.pdf,Kurikulum 2022,[Penetapan 2022] SK Kurikulum D4 T. Game,05_Surat Keputusan (SK)/Kurikulum,05_Surat Keputusan (SK)/Kurikulum/penetapan-2022-sk-kurikulum-d4-t-game.pdf
Kurikulum 2022/penetapan-2022-sk-kurikulum-d4-t-informatika.pdf,Kurikulum 2022,[Penetapan 2022] SK Kurikulum D4 T. Informatika,05_Surat Keputusan (SK)/Kurikulum,05_Surat Keputusan (SK)/Kurikulum/penetapan-2022-sk-kurikulum-d4-t-informatika.pdf
Kurikulum 2022/penetapan-2022-sk-kurikulum-d4-t-komputer.pdf,Kurikulum 2022,[Penetapan 2022] SK Kurikulum D4 T. Komputer,05_Surat Keputusan (SK)/Kurikulum,05_Surat Keputusan (SK)/Kurikulum/penetapan-2022-sk-kurikulum-d4-t-komputer.pdf
Kurikulum 2022/penetapan-2022-sk-kurikulum-d4-t-mekatronika.pdf,Kurikulum 2022,[Penetapan 2022] SK Kurikulum D4 T. Mekatronika,05_Surat Keputusan (SK)/Kurikulum,05_Surat Keputusan (SK)/Kurikulum/penetapan-2022-sk-kurikulum-d4-t-mekatronika.pdf
Kurikulum 2022/penetapan-2022-sk-kurikulum-d4-t-telekomunikasi.pdf,Kurikulum 2022,[Penetapan 2022] SK Kurikulum D4 T. Telekomunikasi,05_Surat Keputusan (SK)/Kurikulum,05_Surat Keputusan (SK)/Kurikulum/penetapan-2022-sk-kurikulum-d4-t-telekomunikasi.pdf
Kurikulum 2022/penetapan-2022-sk-kurikulum-d4-tri.pdf,Kurikulum 2022,[Penetapan 2022] SK Kurikulum D4 TRI,05_Surat Keputusan (SK)/Kurikulum,05_Surat Keputusan (SK)/Kurikulum/penetapan-2022-sk-kurikulum-d4-tri.pdf
Kurikulum 2022/penetapan-2022-sk-kurikulum-d4-trm.pdf,Kurikulum 2022,[Penetapan 2022] SK Kurikulum D4 TRM,05_Surat Keputusan (SK)/Kurikulum,05_Surat Keputusan (SK)/Kurikulum/penetapan-2022-sk-kurikulum-d4-trm.pdf
Lain-lain/permohonan-peminjaman-alat-lab-2.pdf,Lain-lain,Permohonan Peminjaman Alat Lab,09_Formulir,09_Formulir/permohonan-peminjaman-alat-lab-2.pdf
Lain-lain/surat-pernyataan-kecurangan-uas.pdf,Lain-lain,SURAT PERNYATAAN KECURANGAN UAS,09_Formulir,09_Formulir/surat-pernyataan-kecurangan-uas.pdf
Laporan Kinerja/laporan-akuntabilitas-kinerja-instansi-pemerintah-lakip-tahun-2016.pdf,Laporan Kinerja,Laporan Akuntabilitas Kinerja Instansi Pemerintah (LAKIP) Tahun 2016,13_Laporan Kegiatan & Kinerja,13_Laporan Kegiatan & Kinerja/laporan-akuntabilitas-kinerja-instansi-pemerintah-lakip-tahun-2016.pdf
Laporan Kinerja/laporan-akuntabilitas-kinerja-instansi-pemerintah-lakip-tahun-2017.pdf,Laporan Kinerja,Laporan Akuntabilitas Kinerja Instansi Pemerintah (LAKIP) Tahun 2017,13_Laporan Kegiatan & Kinerja,13_Laporan Kegiatan & Kinerja/laporan-akuntabilitas-kinerja-instansi-pemerintah-lakip-tahun-2017.pdf
Laporan Kinerja/laporan-kinerja-lakin-tahun-2018.pdf,Laporan Kinerja,Laporan Kinerja (LAKIN) Tahun 2018,13_Laporan Kegiatan & Kinerja,13_Laporan Kegiatan & Kinerja/laporan-kinerja-lakin-tahun-2018.pdf
Laporan Kinerja/laporan-kinerja-lakin-tahun-2019.pdf,Laporan Kinerja,Laporan Kinerja (LAKIN) Tahun 2019,13_Laporan Kegiatan & Kinerja,13_Laporan Kegiatan & Kinerja/laporan-kinerja-lakin-tahun-2019.pdf
Laporan Kinerja/laporan-kinerja-lakin-tahun-2020.pdf,Laporan Kinerja,Laporan Kinerja (LAKIN) Tahun 2020,13_Laporan Kegiatan & Kinerja,13_Laporan Kegiatan & Kinerja/laporan-kinerja-lakin-tahun-2020.pdf
Laporan Kinerja/laporan-kinerja-lakin-tahun-2021.pdf,Laporan Kinerja,Laporan Kinerja (LAKIN) Tahun 2021,13_Laporan Kegiatan & Kinerja,13_Laporan Kegiatan & Kinerja/laporan-kinerja-lakin-tahun-2021.pdf
Laporan Kinerja/laporan-kinerja-lakin-tahun-2022.pdf,Laporan Kinerja,Laporan Kinerja (LAKIN) Tahun 2022,13_Laporan Kegiatan & Kinerja,13_Laporan Kegiatan & Kinerja/laporan-kinerja-lakin-tahun-2022.pdf
Laporan Kinerja/laporan-kinerja-lakin-tahun-2023.pdf,Laporan Kinerja,Laporan Kinerja (LAKIN) Tahun 2023,13_Laporan Kegiatan & Kinerja,13_Laporan Kegiatan & Kinerja/laporan-kinerja-lakin-tahun-2023.pdf
Laporan Kinerja/laporan-kinerja-lakin-tahun-2024.pdf,Laporan Kinerja,Laporan Kinerja (LAKIN) Tahun 2024,13_Laporan Kegiatan & Kinerja,13_Laporan Kegiatan & Kinerja/laporan-kinerja-lakin-tahun-2024.pdf
Laporan Kinerja/laporan-kinerja-lakin-tahun-2025.pdf,Laporan Kinerja,Laporan Kinerja (LAKIN) Tahun 2025,13_Laporan Kegiatan & Kinerja,13_Laporan Kegiatan & Kinerja/laporan-kinerja-lakin-tahun-2025.pdf
Luar Negeri/2018-retooling-kompetensi-vokasi-dosen-pendidikan-tinggi-vokasi-untuk-program-iot-akbar.pdf,Luar Negeri,2018 Retooling Kompetensi Vokasi Dosen Pendidikan Tinggi Vokasi untuk Program IoT Akbar,13_Laporan Kegiatan & Kinerja,13_Laporan Kegiatan & Kinerja/2018-retooling-kompetensi-vokasi-dosen-pendidikan-tinggi-vokasi-untuk-program-iot-akbar.pdf
Luar Negeri/2018-retooling-nanyang-polytechnic-dwi.pdf,Luar Negeri,2018 Retooling Nanyang Polytechnic Dwi,13_Laporan Kegiatan & Kinerja,13_Laporan Kegiatan & Kinerja/2018-retooling-nanyang-polytechnic-dwi.pdf
Luar Negeri/2018_ln_big-data-analysis-and-cyber-security-batch-ii_syauqi_nopaspor.pdf,Luar Negeri,2018_LN_Big-Data-Analysis-and-Cyber-Security-Batch-II_Syauqi_NoPaspor,13_Laporan Kegiatan & Kinerja,13_Laporan Kegiatan & Kinerja/2018_ln_big-data-analysis-and-cyber-security-batch-ii_syauqi_nopaspor.pdf
Luar Negeri/2018_ln_korea-university-of-technology-and-education_septi.pdf,Luar Negeri,2018_LN_Korea University of Technology and Education_Septi,13_Laporan Kegiatan & Kinerja,13_Laporan Kegiatan & Kinerja/2018_ln_korea-university-of-technology-and-education_septi.pdf
Luar Negeri/2018_ln_koreatech-university_erik.pdf,Luar Negeri,2018_LN_Koreatech University_Erik,13_Laporan Kegiatan & Kinerja,13_Laporan Kegiatan & Kinerja/2018_ln_koreatech-university_erik.pdf
Luar Negeri/2018_ln_koreatech-university_indra.pdf,Luar Negeri,2018_LN_Koreatech University_Indra,13_Laporan Kegiatan & Kinerja,13_Laporan Kegiatan & Kinerja/2018_ln_koreatech-university_indra.pdf
Luar Negeri/2018_ln_nanyang-polytechnic_rengga.pdf,Luar Negeri,2018_LN_Nanyang Polytechnic_Rengga,13_Laporan Kegiatan & Kinerja,13_Laporan Kegiatan & Kinerja/2018_ln_nanyang-polytechnic_rengga.pdf
Luar Negeri/2018_ln_singapura_halimatus.pdf,Luar Negeri,2018_LN_Singapura_Halimatus,13_Laporan Kegiatan & Kinerja,13_Laporan Kegiatan & Kinerja/2018_ln_singapura_halimatus.pdf
Luar Negeri/2019_ln_universite-caddesi_hanafi.pdf,Luar Negeri,2019_LN_Universite Caddesi_Hanafi,13_Laporan Kegiatan & Kinerja,13_Laporan Kegiatan & Kinerja/2019_ln_universite-caddesi_hanafi.pdf
Mandiri/penetapan-daftar-ulang-mandiri-1.pdf,Mandiri,Penetapan Daftar Ulang Mandiri 1,05_Surat Keputusan (SK)/Penerimaan Mahasiswa Baru,05_Surat Keputusan (SK)/Penerimaan Mahasiswa Baru/penetapan-daftar-ulang-mandiri-1.pdf
Mandiri/penetapan-daftar-ulang-mandiri-2.pdf,Mandiri,Penetapan Daftar Ulang Mandiri 2,05_Surat Keputusan (SK)/Penerimaan Mahasiswa Baru,05_Surat Keputusan (SK)/Penerimaan Mahasiswa Baru/penetapan-daftar-ulang-mandiri-2.pdf
Mandiri/penetapan-daftar-ulang-mandiri-3.pdf,Mandiri,Penetapan Daftar Ulang Mandiri 3,05_Surat Keputusan (SK)/Penerimaan Mahasiswa Baru,05_Surat Keputusan (SK)/Penerimaan Mahasiswa Baru/penetapan-daftar-ulang-mandiri-3.pdf
Mandiri/penetapan-daftar-ulang-mandiri-4.pdf,Mandiri,Penetapan Daftar Ulang Mandiri 4,05_Surat Keputusan (SK)/Penerimaan Mahasiswa Baru,05_Surat Keputusan (SK)/Penerimaan Mahasiswa Baru/penetapan-daftar-ulang-mandiri-4.pdf
Mandiri/penetapan-daftar-ulang-mandiri-5.pdf,Mandiri,Penetapan Daftar Ulang Mandiri 5,05_Surat Keputusan (SK)/Penerimaan Mahasiswa Baru,05_Surat Keputusan (SK)/Penerimaan Mahasiswa Baru/penetapan-daftar-ulang-mandiri-5.pdf
Mandiri/sk-hasil-seleksi-mandiri-1-2026.pdf,Mandiri,SK HASIL SELEKSI MANDIRI 1 2026,05_Surat Keputusan (SK)/Penerimaan Mahasiswa Baru,05_Surat Keputusan (SK)/Penerimaan Mahasiswa Baru/sk-hasil-seleksi-mandiri-1-2026.pdf
Mandiri/sk-hasil-seleksi-mandiri-2-2026.pdf,Mandiri,SK HASIL SELEKSI MANDIRI 2 2026,05_Surat Keputusan (SK)/Penerimaan Mahasiswa Baru,05_Surat Keputusan (SK)/Penerimaan Mahasiswa Baru/sk-hasil-seleksi-mandiri-2-2026.pdf
Mandiri/sk-hasil-seleksi-mandiri-3-2026.pdf,Mandiri,SK HASIL SELEKSI MANDIRI 3 2026,05_Surat Keputusan (SK)/Penerimaan Mahasiswa Baru,05_Surat Keputusan (SK)/Penerimaan Mahasiswa Baru/sk-hasil-seleksi-mandiri-3-2026.pdf
Mandiri/sk-hasil-seleksi-mandiri-5-2026.pdf,Mandiri,SK HASIL SELEKSI MANDIRI 5 2026,05_Surat Keputusan (SK)/Penerimaan Mahasiswa Baru,05_Surat Keputusan (SK)/Penerimaan Mahasiswa Baru/sk-hasil-seleksi-mandiri-5-2026.pdf
Mandiri/sk-penetapan-seleksi-mandiri-4.pdf,Mandiri,SK PENETAPAN SELEKSI MANDIRI 4,05_Surat Keputusan (SK)/Penerimaan Mahasiswa Baru,05_Surat Keputusan (SK)/Penerimaan Mahasiswa Baru/sk-penetapan-seleksi-mandiri-4.pdf
Mekatronika/pendirian-prodi-d4-teknik-mekatronika.pdf,Mekatronika,Pendirian Prodi D4 Teknik Mekatronika,05_Surat Keputusan (SK)/Pendirian & Izin Program Studi,05_Surat Keputusan (SK)/Pendirian & Izin Program Studi/pendirian-prodi-d4-teknik-mekatronika.pdf
Mekatronika/perpanjangan-akreditasi-otomatis-12.pdf,Mekatronika,Perpanjangan Akreditasi Otomatis,03_Peraturan & Keputusan Menteri,03_Peraturan & Keputusan Menteri/perpanjangan-akreditasi-otomatis-12.pdf
Mekatronika/sk-ban-pt-d4-mekatronika-19-des-2017-19-des-2022.pdf,Mekatronika,SK-BAN-PT-D4-Mekatronika 19 Des 2017 - 19 Des 2022,05_Surat Keputusan (SK)/Akreditasi & Sertifikat Akreditasi,05_Surat Keputusan (SK)/Akreditasi & Sertifikat Akreditasi/sk-ban-pt-d4-mekatronika-19-des-2017-19-des-2022.pdf
Mekatronika/sk-ban-pt-d4-mekatronika-21-desember-2022-20-desember-2027.pdf,Mekatronika,SK-BAN-PT-D4-Mekatronika 21 Desember 2022 - 20 Desember 2027,05_Surat Keputusan (SK)/Akreditasi & Sertifikat Akreditasi,05_Surat Keputusan (SK)/Akreditasi & Sertifikat Akreditasi/sk-ban-pt-d4-mekatronika-21-desember-2022-20-desember-2027.pdf
Mekatronika/sk-ban-pt-d4-mekatronika-7-feb-2013-7-feb-2018.pdf,Mekatronika,SK-BAN-PT-D4-Mekatronika 7 Feb 2013 - 7 Feb 2018,05_Surat Keputusan (SK)/Akreditasi & Sertifikat Akreditasi,05_Surat Keputusan (SK)/Akreditasi & Sertifikat Akreditasi/sk-ban-pt-d4-mekatronika-7-feb-2013-7-feb-2018.pdf
Multimedia Broadcasting/2023-sertifikat-akreditasi-d3-teknologi-multimedia-broadcasting.pdf,Multimedia Broadcasting,2023-Sertifikat Akreditasi D3 Teknologi Multimedia Broadcasting,05_Surat Keputusan (SK)/Akreditasi & Sertifikat Akreditasi,05_Surat Keputusan (SK)/Akreditasi & Sertifikat Akreditasi/2023-sertifikat-akreditasi-d3-teknologi-multimedia-broadcasting.pdf
Multimedia Broadcasting/izin-penyelenggara-program-studi-d3-teknologi-multimedia-broadcasting.pdf,Multimedia Broadcasting,Izin Penyelenggara Program Studi D3 Teknologi Multimedia Broadcasting,05_Surat Keputusan (SK)/Pendirian & Izin Program Studi,05_Surat Keputusan (SK)/Pendirian & Izin Program Studi/izin-penyelenggara-program-studi-d3-teknologi-multimedia-broadcasting.pdf
Multimedia Broadcasting/perpanjangan-akreditasi-otomatis-13.pdf,Multimedia Broadcasting,Perpanjangan Akreditasi Otomatis,03_Peraturan & Keputusan Menteri,03_Peraturan & Keputusan Menteri/perpanjangan-akreditasi-otomatis-13.pdf
Multimedia Broadcasting/sk-ban-pt-mmb-27-feb-2018-27-feb-2023.pdf,Multimedia Broadcasting,SK-BAN-PT-MMB 27 Feb 2018 - 27 Feb 2023,05_Surat Keputusan (SK)/Akreditasi & Sertifikat Akreditasi,05_Surat Keputusan (SK)/Akreditasi & Sertifikat Akreditasi/sk-ban-pt-mmb-27-feb-2018-27-feb-2023.pdf
Multimedia Broadcasting/sk-ban-pt-mmb-31-jan-2013-31-jan-2018.pdf,Multimedia Broadcasting,SK-BAN-PT-MMB 31 Jan 2013 - 31 Jan 2018,05_Surat Keputusan (SK)/Akreditasi & Sertifikat Akreditasi,05_Surat Keputusan (SK)/Akreditasi & Sertifikat Akreditasi/sk-ban-pt-mmb-31-jan-2013-31-jan-2018.pdf
Multimedia Broadcasting/sk-d3-multimedia-broadcasting-2023.pdf,Multimedia Broadcasting,SK D3 Multimedia Broadcasting - 2023,05_Surat Keputusan (SK)/Akreditasi & Sertifikat Akreditasi,05_Surat Keputusan (SK)/Akreditasi & Sertifikat Akreditasi/sk-d3-multimedia-broadcasting-2023.pdf
Multimedia Broadcasting/surat-keterangan-mata-kuliah-bisnis-penyiaran-dan-publishing.pdf,Multimedia Broadcasting,SURAT KETERANGAN Mata Kuliah Bisnis Penyiaran dan Publishing,"08_Surat (Keterangan, Pernyataan, Permohonan)","08_Surat (Keterangan, Pernyataan, Permohonan)/surat-keterangan-mata-kuliah-bisnis-penyiaran-dan-publishing.pdf"
PJJ/1-sk-hasil-seleksi-d3-pjj-it-gt-tahun-2024-2025.pdf,PJJ,1. SK HASIL SELEKSI D3 PJJ IT GT TAHUN 2024-2025,05_Surat Keputusan (SK)/Penerimaan Mahasiswa Baru,05_Surat Keputusan (SK)/Penerimaan Mahasiswa Baru/1-sk-hasil-seleksi-d3-pjj-it-gt-tahun-2024-2025.pdf
PJJ/1-sk-hasil-seleksi-pjj-golden-ticket-tahun-akademik-2025-2026.pdf,PJJ,1. SK Hasil Seleksi PJJ Golden Ticket Tahun Akademik 2025-2026,05_Surat Keputusan (SK)/Penerimaan Mahasiswa Baru,05_Surat Keputusan (SK)/Penerimaan Mahasiswa Baru/1-sk-hasil-seleksi-pjj-golden-ticket-tahun-akademik-2025-2026.pdf
PJJ/2-pengumuman-d3pjj-gt-tahun-2024-2025.pdf,PJJ,2. PENGUMUMAN D3PJJ GT TAHUN 2024-2025,06_Pengumuman,06_Pengumuman/2-pengumuman-d3pjj-gt-tahun-2024-2025.pdf
PJJ/2-pengumuman-daftar-ulang-pjj-golden-ticket-tahun-akademik-2025-2026.pdf,PJJ,2. Pengumuman Daftar Ulang PJJ Golden Ticket Tahun Akademik 2025-2026,06_Pengumuman,06_Pengumuman/2-pengumuman-daftar-ulang-pjj-golden-ticket-tahun-akademik-2025-2026.pdf
PJJ/3-sk-hasil-seleksi-pjj-tahun-2024-2025.pdf,PJJ,3. SK HASIL SELEKSI PJJ TAHUN 2024-2025,05_Surat Keputusan (SK)/Penerimaan Mahasiswa Baru,05_Surat Keputusan (SK)/Penerimaan Mahasiswa Baru/3-sk-hasil-seleksi-pjj-tahun-2024-2025.pdf
PJJ/3-sk-hasil-seleksi-pjj-utbk-tahun-akademik-2025-2026.pdf,PJJ,3. SK Hasil Seleksi PJJ UTBK Tahun Akademik 2025-2026,05_Surat Keputusan (SK)/Penerimaan Mahasiswa Baru,05_Surat Keputusan (SK)/Penerimaan Mahasiswa Baru/3-sk-hasil-seleksi-pjj-utbk-tahun-akademik-2025-2026.pdf
PJJ/4-pengumuman-daftar-ulang-pjj-tahun-2024-2025.pdf,PJJ,4. PENGUMUMAN DAFTAR ULANG PJJ TAHUN 2024-2025,06_Pengumuman,06_Pengumuman/4-pengumuman-daftar-ulang-pjj-tahun-2024-2025.pdf
PJJ/4-pengumuman-daftar-ulang-pjj-utbk-tahun-akademik-2025-2026.pdf,PJJ,4. Pengumuman Daftar Ulang PJJ UTBK Tahun Akademik 2025-2026,06_Pengumuman,06_Pengumuman/4-pengumuman-daftar-ulang-pjj-utbk-tahun-akademik-2025-2026.pdf
PJJ/5-sk-penetapan-daful-maba-pjj-gt-tahun-2025-2026.pdf,PJJ,5. SK PENETAPAN DAFUL MABA PJJ GT TAHUN 2025-2026,05_Surat Keputusan (SK)/Penerimaan Mahasiswa Baru,05_Surat Keputusan (SK)/Penerimaan Mahasiswa Baru/5-sk-penetapan-daful-maba-pjj-gt-tahun-2025-2026.pdf
PJJ/6-sk-penetapan-daful-maba-utbk-pjj-pens-tahun-2025-2026.pdf,PJJ,6. SK PENETAPAN DAFUL MABA UTBK PJJ PENS TAHUN 2025-2026,05_Surat Keputusan (SK)/Penerimaan Mahasiswa Baru,05_Surat Keputusan (SK)/Penerimaan Mahasiswa Baru/6-sk-penetapan-daful-maba-utbk-pjj-pens-tahun-2025-2026.pdf
PJJ/rev-sk-hasil-seleksi-poltekbang-gel-2-2021-2022.pdf,PJJ,REV SK HASIL SELEKSI POLTEKBANG GEL. 2 2021-2022,05_Surat Keputusan (SK)/Penerimaan Mahasiswa Baru,05_Surat Keputusan (SK)/Penerimaan Mahasiswa Baru/rev-sk-hasil-seleksi-poltekbang-gel-2-2021-2022.pdf
PJJ/revisi-hasil-seleksi-pjj-tahap-i.pdf,PJJ,REVISI HASIL SELEKSI PJJ TAHAP I,05_Surat Keputusan (SK)/Penerimaan Mahasiswa Baru,05_Surat Keputusan (SK)/Penerimaan Mahasiswa Baru/revisi-hasil-seleksi-pjj-tahap-i.pdf
PJJ/revisi-sk-pjj-dan-lj-pjj-gel-2.pdf,PJJ,REVISI SK PJJ DAN LJ-PJJ GEL.2,05_Surat Keputusan (SK)/Penerimaan Mahasiswa Baru,05_Surat Keputusan (SK)/Penerimaan Mahasiswa Baru/revisi-sk-pjj-dan-lj-pjj-gel-2.pdf
PJJ/sk-hasil-seleksi-d3-ak-d4-lj-pjj-sem-genap.pdf,PJJ,SK HASIL SELEKSI D3 AK-D4 LJ-PJJ SEM. GENAP,05_Surat Keputusan (SK)/Penerimaan Mahasiswa Baru,05_Surat Keputusan (SK)/Penerimaan Mahasiswa Baru/sk-hasil-seleksi-d3-ak-d4-lj-pjj-sem-genap.pdf
PJJ/sk-hasil-seleksi-d3-d4pjj-tahap-2.pdf,PJJ,SK HASIL SELEKSI D3-D4PJJ TAHAP 2,05_Surat Keputusan (SK)/Penerimaan Mahasiswa Baru,05_Surat Keputusan (SK)/Penerimaan Mahasiswa Baru/sk-hasil-seleksi-d3-d4pjj-tahap-2.pdf
PJJ/sk-hasil-seleksi-penerimaan-mahasiswa-baru-pjj-gelombang-1.pdf,PJJ,SK HASIL SELEKSI PENERIMAAN MAHASISWA BARU PJJ GELOMBANG 1,05_Surat Keputusan (SK)/Penerimaan Mahasiswa Baru,05_Surat Keputusan (SK)/Penerimaan Mahasiswa Baru/sk-hasil-seleksi-penerimaan-mahasiswa-baru-pjj-gelombang-1.pdf
PJJ/sk-hasil-seleksi-penerimaan-mahasiswa-baru-pjj-gelombang-ii-tahun-akademik-2023-2024.pdf,PJJ,SK HASIL SELEKSI PENERIMAAN MAHASISWA BARU PJJ GELOMBANG II TAHUN AKADEMIK 2023-2024,05_Surat Keputusan (SK)/Penerimaan Mahasiswa Baru,05_Surat Keputusan (SK)/Penerimaan Mahasiswa Baru/sk-hasil-seleksi-penerimaan-mahasiswa-baru-pjj-gelombang-ii-tahun-akademik-2023-2024.pdf
PJJ/sk-hasil-seleksi-penerimaan-mahasiswa-baru-pjj-gelombang-iii.pdf,PJJ,SK HASIL SELEKSI PENERIMAAN MAHASISWA BARU PJJ GELOMBANG III,05_Surat Keputusan (SK)/Penerimaan Mahasiswa Baru,05_Surat Keputusan (SK)/Penerimaan Mahasiswa Baru/sk-hasil-seleksi-penerimaan-mahasiswa-baru-pjj-gelombang-iii.pdf
PJJ/sk-hasil-seleksi-pjj-gel-2.pdf,PJJ,SK HASIL SELEKSI PJJ GEL 2,05_Surat Keputusan (SK)/Penerimaan Mahasiswa Baru,05_Surat Keputusan (SK)/Penerimaan Mahasiswa Baru/sk-hasil-seleksi-pjj-gel-2.pdf
PJJ/sk-hasil-seleksi-poltekbang-gel-1.pdf,PJJ,SK HASIL SELEKSI POLTEKBANG GEL.1,05_Surat Keputusan (SK)/Penerimaan Mahasiswa Baru,05_Surat Keputusan (SK)/Penerimaan Mahasiswa Baru/sk-hasil-seleksi-poltekbang-gel-1.pdf
PJJ/sk-hasil-seleksi-poltekbang-gel-2.pdf,PJJ,SK HASIL SELEKSI POLTEKBANG GEL.2,05_Surat Keputusan (SK)/Penerimaan Mahasiswa Baru,05_Surat Keputusan (SK)/Penerimaan Mahasiswa Baru/sk-hasil-seleksi-poltekbang-gel-2.pdf
PJJ/sk-penetapan-daftar-ulang-mahasiswa-baru-pjj-gelombang-1.pdf,PJJ,SK PENETAPAN DAFTAR ULANG MAHASISWA BARU PJJ GELOMBANG 1,05_Surat Keputusan (SK)/Penerimaan Mahasiswa Baru,05_Surat Keputusan (SK)/Penerimaan Mahasiswa Baru/sk-penetapan-daftar-ulang-mahasiswa-baru-pjj-gelombang-1.pdf
PJJ/sk-penetapan-daftar-ulang-pjj-gelombang-ii-tahun-akademik-2023-2024.pdf,PJJ,SK PENETAPAN DAFTAR ULANG PJJ GELOMBANG II TAHUN AKADEMIK 2023-2024,05_Surat Keputusan (SK)/Penerimaan Mahasiswa Baru,05_Surat Keputusan (SK)/Penerimaan Mahasiswa Baru/sk-penetapan-daftar-ulang-pjj-gelombang-ii-tahun-akademik-2023-2024.pdf
PJJ/sk-penetapan-daftar-ulang-pjj-gelombang-iii-tahun-akademik-2023-2024.pdf,PJJ,SK PENETAPAN DAFTAR ULANG PJJ GELOMBANG III TAHUN AKADEMIK 2023-2024,05_Surat Keputusan (SK)/Penerimaan Mahasiswa Baru,05_Surat Keputusan (SK)/Penerimaan Mahasiswa Baru/sk-penetapan-daftar-ulang-pjj-gelombang-iii-tahun-akademik-2023-2024.pdf
PJJ/sk-seleksi-d3-d4-pjj-2021-2022.pdf,PJJ,SK SELEKSI D3-D4 PJJ 2021-2022,05_Surat Keputusan (SK)/Penerimaan Mahasiswa Baru,05_Surat Keputusan (SK)/Penerimaan Mahasiswa Baru/sk-seleksi-d3-d4-pjj-2021-2022.pdf
PJJ/sk-seleksi-d3-d4-pjj-tahap-i.pdf,PJJ,SK SELEKSI D3-D4 PJJ TAHAP I,05_Surat Keputusan (SK)/Penerimaan Mahasiswa Baru,05_Surat Keputusan (SK)/Penerimaan Mahasiswa Baru/sk-seleksi-d3-d4-pjj-tahap-i.pdf
PJJ/sk-seleksi-pjj-dan-lj-pjj-gel-1.pdf,PJJ,SK SELEKSI PJJ DAN LJ-PJJ GEL.1,05_Surat Keputusan (SK)/Penerimaan Mahasiswa Baru,05_Surat Keputusan (SK)/Penerimaan Mahasiswa Baru/sk-seleksi-pjj-dan-lj-pjj-gel-1.pdf
PJJ/sk-seleksi-pjj-dan-lj-pjj-gel-2.pdf,PJJ,SK SELEKSI PJJ DAN LJ-PJJ GEL.2,05_Surat Keputusan (SK)/Penerimaan Mahasiswa Baru,05_Surat Keputusan (SK)/Penerimaan Mahasiswa Baru/sk-seleksi-pjj-dan-lj-pjj-gel-2.pdf
PKKMB/jadwal-pkkmb-pens-2022.pdf,PKKMB,JADWAL PKKMB PENS 2022,10_Jadwal & Kalender Akademik,10_Jadwal & Kalender Akademik/jadwal-pkkmb-pens-2022.pdf
PMDK/sk-seleksi-pmdk-pn.pdf,PMDK,SK SELEKSI PMDK-PN,05_Surat Keputusan (SK)/Penerimaan Mahasiswa Baru,05_Surat Keputusan (SK)/Penerimaan Mahasiswa Baru/sk-seleksi-pmdk-pn.pdf
PSDKU Lamongan/pendirian-psdku-2.pdf,PSDKU Lamongan,Pendirian PSDKU,05_Surat Keputusan (SK)/Pendirian & Izin Program Studi,05_Surat Keputusan (SK)/Pendirian & Izin Program Studi/pendirian-psdku-2.pdf
PSDKU Sumenep/pendirian-psdku.pdf,PSDKU Sumenep,Pendirian PSDKU,05_Surat Keputusan (SK)/Pendirian & Izin Program Studi,05_Surat Keputusan (SK)/Pendirian & Izin Program Studi/pendirian-psdku.pdf
PSDKU/seleksi-psdku-sm-2020-2021.pdf,PSDKU,SELEKSI PSDKU SM 2020-2021,05_Surat Keputusan (SK)/Penerimaan Mahasiswa Baru,05_Surat Keputusan (SK)/Penerimaan Mahasiswa Baru/seleksi-psdku-sm-2020-2021.pdf
PSDKU/sk-seleksi-psdku-2019-2020-gel-1.pdf,PSDKU,SK SELEKSI PSDKU 2019-2020 GEL 1,05_Surat Keputusan (SK)/Penerimaan Mahasiswa Baru,05_Surat Keputusan (SK)/Penerimaan Mahasiswa Baru/sk-seleksi-psdku-2019-2020-gel-1.pdf
PSDKU/sk-seleksi-psdku-2019-2020-gel-2.pdf,PSDKU,SK SELEKSI PSDKU 2019-2020 GEL 2,05_Surat Keputusan (SK)/Penerimaan Mahasiswa Baru,05_Surat Keputusan (SK)/Penerimaan Mahasiswa Baru/sk-seleksi-psdku-2019-2020-gel-2.pdf
Pascasarjana/sk-pendirian-program-magister-terapan-pens-2.pdf,Pascasarjana,SK Pendirian Program Magister Terapan PENS,05_Surat Keputusan (SK)/Pendirian & Izin Program Studi,05_Surat Keputusan (SK)/Pendirian & Izin Program Studi/sk-pendirian-program-magister-terapan-pens-2.pdf
Pendataan BPJS Kesehatan/pendataan-bpjs-kesehatan-pens-2.pdf,Pendataan BPJS Kesehatan,Pendataan BPJS Kesehatan PENS,16_Lain-lain,16_Lain-lain/pendataan-bpjs-kesehatan-pens-2.pdf
Pengumuman Akademik/6-daftar-ulang-snmpn.pdf,Pengumuman Akademik,6-DAFTAR ULANG SNMPN,06_Pengumuman,06_Pengumuman/6-daftar-ulang-snmpn.pdf
Pengumuman Akademik/himbauan-pemilik-kost-atau-wali-mahasiswa-pens.pdf,Pengumuman Akademik,Himbauan Pemilik Kost atau Wali Mahasiswa PENS,06_Pengumuman,06_Pengumuman/himbauan-pemilik-kost-atau-wali-mahasiswa-pens.pdf
Pengumuman Akademik/jadwal-kegiatan-persiapan-wisuda-ke-21-wisudawan-yud-2.pdf,Pengumuman Akademik,JADWAL KEGIATAN PERSIAPAN WISUDA KE 21 (WISUDAWAN)-Yud. 2,10_Jadwal & Kalender Akademik,10_Jadwal & Kalender Akademik/jadwal-kegiatan-persiapan-wisuda-ke-21-wisudawan-yud-2.pdf
Pengumuman Akademik/jadwal-kegiatan-persiapan-wisuda-ke-21-wisudawan.pdf,Pengumuman Akademik,JADWAL KEGIATAN PERSIAPAN WISUDA KE 21 (WISUDAWAN),10_Jadwal & Kalender Akademik,10_Jadwal & Kalender Akademik/jadwal-kegiatan-persiapan-wisuda-ke-21-wisudawan.pdf
Pengumuman Akademik/jadwal-kegiatan-persiapan-wisuda-ke-22-wisudawan.pdf,Pengumuman Akademik,JADWAL KEGIATAN PERSIAPAN WISUDA KE 22 (WISUDAWAN),10_Jadwal & Kalender Akademik,10_Jadwal & Kalender Akademik/jadwal-kegiatan-persiapan-wisuda-ke-22-wisudawan.pdf
Pengumuman Akademik/jadwal-kegiatan-persiapan-wisuda-ke-23-calon-wisudawan.pdf,Pengumuman Akademik,JADWAL KEGIATAN PERSIAPAN WISUDA KE 23 (CALON WISUDAWAN),10_Jadwal & Kalender Akademik,10_Jadwal & Kalender Akademik/jadwal-kegiatan-persiapan-wisuda-ke-23-calon-wisudawan.pdf
Pengumuman Akademik/jadwal-kegiatan-persiapan-wisuda-ke-25-calon-wisudawan.pdf,Pengumuman Akademik,JADWAL KEGIATAN PERSIAPAN WISUDA KE 25 (CALON WISUDAWAN),10_Jadwal & Kalender Akademik,10_Jadwal & Kalender Akademik/jadwal-kegiatan-persiapan-wisuda-ke-25-calon-wisudawan.pdf
Pengumuman Akademik/jadwal-kegiatan-persiapan-wisuda-pens-ke-16.pdf,Pengumuman Akademik,Jadwal Kegiatan Persiapan Wisuda PENS Ke-16,10_Jadwal & Kalender Akademik,10_Jadwal & Kalender Akademik/jadwal-kegiatan-persiapan-wisuda-pens-ke-16.pdf
Pengumuman Akademik/jadwal-kegiatan-persiapan-wisuda-pens-ke-24-calon-wisudawan.pdf,Pengumuman Akademik,Jadwal Kegiatan Persiapan Wisuda PENS Ke 24 (CALON WISUDAWAN),10_Jadwal & Kalender Akademik,10_Jadwal & Kalender Akademik/jadwal-kegiatan-persiapan-wisuda-pens-ke-24-calon-wisudawan.pdf
Pengumuman Akademik/jadwal-kegiatan-persiapan-wisuda-pens-ke-27-wisudawan.pdf,Pengumuman Akademik,Jadwal Kegiatan Persiapan Wisuda PENS Ke 27 (Wisudawan),10_Jadwal & Kalender Akademik,10_Jadwal & Kalender Akademik/jadwal-kegiatan-persiapan-wisuda-pens-ke-27-wisudawan.pdf
Pengumuman Akademik/jadwal-kegiatan-wisuda-ke-18.pdf,Pengumuman Akademik,JADWAL KEGIATAN WISUDA KE 18,10_Jadwal & Kalender Akademik,10_Jadwal & Kalender Akademik/jadwal-kegiatan-wisuda-ke-18.pdf
Pengumuman Akademik/jadwal-wisuda-wisudawan.pdf,Pengumuman Akademik,JADWAL WISUDA (WISUDAWAN),10_Jadwal & Kalender Akademik,10_Jadwal & Kalender Akademik/jadwal-wisuda-wisudawan.pdf
Pengumuman Akademik/jam-kuliah-ramadhan-2022.pdf,Pengumuman Akademik,JAM KULIAH RAMADHAN (2022),06_Pengumuman,06_Pengumuman/jam-kuliah-ramadhan-2022.pdf
Pengumuman Akademik/kelengkapan-penyelenggaraan-ptm-2022.pdf,Pengumuman Akademik,Kelengkapan Penyelenggaraan PTM 2022,06_Pengumuman,06_Pengumuman/kelengkapan-penyelenggaraan-ptm-2022.pdf
Pengumuman Akademik/panduan-frs-online-tahun-akademik-2022-2023.pdf,Pengumuman Akademik,PANDUAN FRS ONLINE TAHUN AKADEMIK 2022-2023,11_Panduan & Pedoman,11_Panduan & Pedoman/panduan-frs-online-tahun-akademik-2022-2023.pdf
Pengumuman Akademik/panduan-frs-semester-antara-mahasiswa.pdf,Pengumuman Akademik,Panduan FRS Semester Antara Mahasiswa,11_Panduan & Pedoman,11_Panduan & Pedoman/panduan-frs-semester-antara-mahasiswa.pdf
Pengumuman Akademik/panduan-wisuda-ke-16.pdf,Pengumuman Akademik,PANDUAN WISUDA KE 16,11_Panduan & Pedoman,11_Panduan & Pedoman/panduan-wisuda-ke-16.pdf
Pengumuman Akademik/panduan-wisuda-online-pens-15.pdf,Pengumuman Akademik,Panduan Wisuda Online PENS 15,11_Panduan & Pedoman,11_Panduan & Pedoman/panduan-wisuda-online-pens-15.pdf
Pengumuman Akademik/panduan-zoom-dan-tata-tertib-wisuda-pens-ke-18.pdf,Pengumuman Akademik,PANDUAN ZOOM DAN TATA TERTIB WISUDA PENS KE 18,11_Panduan & Pedoman,11_Panduan & Pedoman/panduan-zoom-dan-tata-tertib-wisuda-pens-ke-18.pdf
Pengumuman Akademik/panduan-zoom-wisuda-ke-16.pdf,Pengumuman Akademik,PANDUAN ZOOM WISUDA KE 16,11_Panduan & Pedoman,11_Panduan & Pedoman/panduan-zoom-wisuda-ke-16.pdf
Pengumuman Akademik/pembayaran-toga-wisuda-pens-ke-16.pdf,Pengumuman Akademik,Pembayaran Toga Wisuda PENS Ke-16,06_Pengumuman,06_Pengumuman/pembayaran-toga-wisuda-pens-ke-16.pdf
Pengumuman Akademik/pemberitahuan-pelaksanaan-ptm-semester-genap-2021-2022.pdf,Pengumuman Akademik,Pemberitahuan Pelaksanaan PTM Semester Genap 2021-2022,06_Pengumuman,06_Pengumuman/pemberitahuan-pelaksanaan-ptm-semester-genap-2021-2022.pdf
Pengumuman Akademik/pengecekan-ijasah-wisudawan-ke-26-1.pdf,Pengumuman Akademik,Pengecekan Ijasah Wisudawan Ke 26-1,06_Pengumuman,06_Pengumuman/pengecekan-ijasah-wisudawan-ke-26-1.pdf
Pengumuman Akademik/pengisian-data-wisudawan.pdf,Pengumuman Akademik,PENGISIAN DATA WISUDAWAN,06_Pengumuman,06_Pengumuman/pengisian-data-wisudawan.pdf
Pengumuman Akademik/pengisian-verifikasi-data-lulusan-april-2026-2.pdf,Pengumuman Akademik,Pengisian Verifikasi Data Lulusan April 2026-2,06_Pengumuman,06_Pengumuman/pengisian-verifikasi-data-lulusan-april-2026-2.pdf
Pengumuman Akademik/pengumuman-calon-wisuda-maret-2021.pdf,Pengumuman Akademik,Pengumuman Calon Wisuda Maret 2021,06_Pengumuman,06_Pengumuman/pengumuman-calon-wisuda-maret-2021.pdf
Pengumuman Akademik/pengumuman-calon-wisudawan-september-2020.pdf,Pengumuman Akademik,Pengumuman Calon Wisudawan September 2020,06_Pengumuman,06_Pengumuman/pengumuman-calon-wisudawan-september-2020.pdf
Pengumuman Akademik/pengumuman-daftar-ulang-snmptn.pdf,Pengumuman Akademik,PENGUMUMAN DAFTAR ULANG SNMPTN,06_Pengumuman,06_Pengumuman/pengumuman-daftar-ulang-snmptn.pdf
Pengumuman Akademik/pengumuman-drop-frs.pdf,Pengumuman Akademik,PENGUMUMAN DROP FRS,06_Pengumuman,06_Pengumuman/pengumuman-drop-frs.pdf
Pengumuman Akademik/pengumuman-frs-sem-genap-2024-2025.pdf,Pengumuman Akademik,PENGUMUMAN FRS SEM GENAP 2024-2025,06_Pengumuman,06_Pengumuman/pengumuman-frs-sem-genap-2024-2025.pdf
Pengumuman Akademik/pengumuman-jam-kuliah-bulan-ramadhan-tahun-2025.pdf,Pengumuman Akademik,PENGUMUMAN JAM KULIAH BULAN RAMADHAN TAHUN 2025,06_Pengumuman,06_Pengumuman/pengumuman-jam-kuliah-bulan-ramadhan-tahun-2025.pdf
Pengumuman Akademik/pengumuman-jam-ramadhan-d4-lj-2021.pdf,Pengumuman Akademik,PENGUMUMAN JAM RAMADHAN D4 LJ (2021),06_Pengumuman,06_Pengumuman/pengumuman-jam-ramadhan-d4-lj-2021.pdf
Pengumuman Akademik/pengumuman-jam-ramadhan-pjj-2021.pdf,Pengumuman Akademik,PENGUMUMAN JAM RAMADHAN PJJ (2021),06_Pengumuman,06_Pengumuman/pengumuman-jam-ramadhan-pjj-2021.pdf
Pengumuman Akademik/pengumuman-jam-ramadhan-pjj-2022.pdf,Pengumuman Akademik,PENGUMUMAN JAM RAMADHAN PJJ (2022),06_Pengumuman,06_Pengumuman/pengumuman-jam-ramadhan-pjj-2022.pdf
Pengumuman Akademik/pengumuman-jam-ramadhan-reguler-2021.pdf,Pengumuman Akademik,PENGUMUMAN JAM RAMADHAN REGULER (2021),06_Pengumuman,06_Pengumuman/pengumuman-jam-ramadhan-reguler-2021.pdf
Pengumuman Akademik/pengumuman-jam-ramadhan.pdf,Pengumuman Akademik,PENGUMUMAN JAM RAMADHAN,06_Pengumuman,06_Pengumuman/pengumuman-jam-ramadhan.pdf
Pengumuman Akademik/pengumuman-keterlambatan-pin.pdf,Pengumuman Akademik,PENGUMUMAN KETERLAMBATAN PIN,06_Pengumuman,06_Pengumuman/pengumuman-keterlambatan-pin.pdf
Pengumuman Akademik/pengumuman-libur-hari-raya-idul-fitri-2026.pdf,Pengumuman Akademik,PENGUMUMAN LIBUR HARI RAYA IDUL FITRI (2026),06_Pengumuman,06_Pengumuman/pengumuman-libur-hari-raya-idul-fitri-2026.pdf
Pengumuman Akademik/pengumuman-mku-semester-antara.pdf,Pengumuman Akademik,PENGUMUMAN MKU SEMESTER ANTARA,06_Pengumuman,06_Pengumuman/pengumuman-mku-semester-antara.pdf
Pengumuman Akademik/pengumuman-panduan-frs-2022.pdf,Pengumuman Akademik,PENGUMUMAN PANDUAN FRS 2022,06_Pengumuman,06_Pengumuman/pengumuman-panduan-frs-2022.pdf
Pengumuman Akademik/pengumuman-panduan-frs-sem-gasal-2024-2025.pdf,Pengumuman Akademik,PENGUMUMAN PANDUAN FRS SEM GASAL 2024-2025,06_Pengumuman,06_Pengumuman/pengumuman-panduan-frs-sem-gasal-2024-2025.pdf
Pengumuman Akademik/pengumuman-panduan-frs-semester-genap-tahun-akademik-2023-2024.pdf,Pengumuman Akademik,PENGUMUMAN PANDUAN FRS SEMESTER GENAP TAHUN AKADEMIK 2023-2024,06_Pengumuman,06_Pengumuman/pengumuman-panduan-frs-semester-genap-tahun-akademik-2023-2024.pdf
Pengumuman Akademik/pengumuman-panduan-zoom-wisuda-ke-17-241.pdf,Pengumuman Akademik,PENGUMUMAN PANDUAN ZOOM WISUDA KE 17-241,06_Pengumuman,06_Pengumuman/pengumuman-panduan-zoom-wisuda-ke-17-241.pdf
Pengumuman Akademik/pengumuman-pbm-genap-2021-2022.pdf,Pengumuman Akademik,PENGUMUMAN PBM GENAP 2021-2022,06_Pengumuman,06_Pengumuman/pengumuman-pbm-genap-2021-2022.pdf
Pengumuman Akademik/pengumuman-pbm-offline.pdf,Pengumuman Akademik,PENGUMUMAN PBM OFFLINE,06_Pengumuman,06_Pengumuman/pengumuman-pbm-offline.pdf
Pengumuman Akademik/pengumuman-pelaksanaan-dan-gladi-bersih-wisuda-ke-23.pdf,Pengumuman Akademik,PENGUMUMAN PELAKSANAAN DAN GLADI BERSIH WISUDA KE 23,06_Pengumuman,06_Pengumuman/pengumuman-pelaksanaan-dan-gladi-bersih-wisuda-ke-23.pdf
Pengumuman Akademik/pengumuman-pelaksanaan-wisuda-18.pdf,Pengumuman Akademik,PENGUMUMAN PELAKSANAAN WISUDA 18,06_Pengumuman,06_Pengumuman/pengumuman-pelaksanaan-wisuda-18.pdf
Pengumuman Akademik/pengumuman-pembayaran-ukt-spp-daftar-ulang-gasal-2024-2025.pdf,Pengumuman Akademik,Pengumuman Pembayaran UKT-SPP &amp; Daftar Ulang Gasal 2024-2025,06_Pengumuman,06_Pengumuman/pengumuman-pembayaran-ukt-spp-daftar-ulang-gasal-2024-2025.pdf
Pengumuman Akademik/pengumuman-pembelajaran-online-tahun-2025.pdf,Pengumuman Akademik,PENGUMUMAN PEMBELAJARAN ONLINE TAHUN 2025,06_Pengumuman,06_Pengumuman/pengumuman-pembelajaran-online-tahun-2025.pdf
Pengumuman Akademik/pengumuman-pembelian-toga.pdf,Pengumuman Akademik,Pengumuman Pembelian Toga,06_Pengumuman,06_Pengumuman/pengumuman-pembelian-toga.pdf
Pengumuman Akademik/pengumuman-pembuatan-video-wisuda.pdf,Pengumuman Akademik,Pengumuman Pembuatan Video Wisuda,06_Pengumuman,06_Pengumuman/pengumuman-pembuatan-video-wisuda.pdf
Pengumuman Akademik/pengumuman-pembuatan-video-wisudawan.pdf,Pengumuman Akademik,PENGUMUMAN PEMBUATAN VIDEO WISUDAWAN,06_Pengumuman,06_Pengumuman/pengumuman-pembuatan-video-wisudawan.pdf
Pengumuman Akademik/pengumuman-pengakuan-sks.pdf,Pengumuman Akademik,PENGUMUMAN PENGAKUAN SKS,06_Pengumuman,06_Pengumuman/pengumuman-pengakuan-sks.pdf
Pengumuman Akademik/pengumuman-pengambilan-ijazah.pdf,Pengumuman Akademik,PENGUMUMAN PENGAMBILAN IJAZAH,06_Pengumuman,06_Pengumuman/pengumuman-pengambilan-ijazah.pdf
Pengumuman Akademik/pengumuman-pengambilan-jas-lab-2025-1.pdf,Pengumuman Akademik,PENGUMUMAN PENGAMBILAN JAS LAB 2025-1,06_Pengumuman,06_Pengumuman/pengumuman-pengambilan-jas-lab-2025-1.pdf
Pengumuman Akademik/pengumuman-pengambilan-skl.pdf,Pengumuman Akademik,PENGUMUMAN PENGAMBILAN SKL,06_Pengumuman,06_Pengumuman/pengumuman-pengambilan-skl.pdf
Pengumuman Akademik/pengumuman-pengisian-biodata-wisudawan-wisuda-ke-22.pdf,Pengumuman Akademik,PENGUMUMAN PENGISIAN BIODATA WISUDAWAN WISUDA KE 22,06_Pengumuman,06_Pengumuman/pengumuman-pengisian-biodata-wisudawan-wisuda-ke-22.pdf
Pengumuman Akademik/pengumuman-pengisian-data-lulusan-wisuda-ke-23.pdf,Pengumuman Akademik,PENGUMUMAN PENGISIAN DATA LULUSAN WISUDA KE 23,06_Pengumuman,06_Pengumuman/pengumuman-pengisian-data-lulusan-wisuda-ke-23.pdf
Pengumuman Akademik/pengumuman-pengisian-data-wisudawan-1.pdf,Pengumuman Akademik,PENGUMUMAN PENGISIAN DATA WISUDAWAN-1,06_Pengumuman,06_Pengumuman/pengumuman-pengisian-data-wisudawan-1.pdf
Pengumuman Akademik/pengumuman-pengisian-data-wisudawan-wisuda-ke-24.pdf,Pengumuman Akademik,PENGUMUMAN PENGISIAN DATA WISUDAWAN WISUDA KE 24,06_Pengumuman,06_Pengumuman/pengumuman-pengisian-data-wisudawan-wisuda-ke-24.pdf
Pengumuman Akademik/pengumuman-pengisian-data-wisudawan-yudisium-2.pdf,Pengumuman Akademik,PENGUMUMAN PENGISIAN DATA WISUDAWAN (YUDISIUM 2),06_Pengumuman,06_Pengumuman/pengumuman-pengisian-data-wisudawan-yudisium-2.pdf
Pengumuman Akademik/pengumuman-pengisian-verifikasi-data-lulusan-wisuda-ke-25.pdf,Pengumuman Akademik,PENGUMUMAN PENGISIAN VERIFIKASI DATA LULUSAN WISUDA KE 25,06_Pengumuman,06_Pengumuman/pengumuman-pengisian-verifikasi-data-lulusan-wisuda-ke-25.pdf
Pengumuman Akademik/pengumuman-pengisian-verifikasi-data-lulusan.pdf,Pengumuman Akademik,PENGUMUMAN PENGISIAN VERIFIKASI DATA LULUSAN,06_Pengumuman,06_Pengumuman/pengumuman-pengisian-verifikasi-data-lulusan.pdf
Pengumuman Akademik/pengumuman-pengisian-verifikasi.pdf,Pengumuman Akademik,PENGUMUMAN PENGISIAN VERIFIKASI,06_Pengumuman,06_Pengumuman/pengumuman-pengisian-verifikasi.pdf
Pengumuman Akademik/pengumuman-penutupan-frs.pdf,Pengumuman Akademik,PENGUMUMAN PENUTUPAN FRS,06_Pengumuman,06_Pengumuman/pengumuman-penutupan-frs.pdf
Pengumuman Akademik/pengumuman-pept-gratis.pdf,Pengumuman Akademik,Pengumuman PEPT Gratis,06_Pengumuman,06_Pengumuman/pengumuman-pept-gratis.pdf
Pengumuman Akademik/pengumuman-permohonan-pengakuan-sks.pdf,Pengumuman Akademik,Pengumuman Permohonan Pengakuan SKS,06_Pengumuman,06_Pengumuman/pengumuman-permohonan-pengakuan-sks.pdf
Pengumuman Akademik/pengumuman-perpanjangan-daftar-ulang.pdf,Pengumuman Akademik,PENGUMUMAN PERPANJANGAN DAFTAR ULANG,06_Pengumuman,06_Pengumuman/pengumuman-perpanjangan-daftar-ulang.pdf
Pengumuman Akademik/pengumuman-perpanjangan-daful.pdf,Pengumuman Akademik,PENGUMUMAN PERPANJANGAN DAFUL,06_Pengumuman,06_Pengumuman/pengumuman-perpanjangan-daful.pdf
Pengumuman Akademik/pengumuman-perpanjangan-semester-antara-genap-2022-2023.pdf,Pengumuman Akademik,PENGUMUMAN PERPANJANGAN SEMESTER ANTARA GENAP 2022-2023,06_Pengumuman,06_Pengumuman/pengumuman-perpanjangan-semester-antara-genap-2022-2023.pdf
Pengumuman Akademik/pengumuman-perpanjangan-verifikasi-wisuda.pdf,Pengumuman Akademik,PENGUMUMAN PERPANJANGAN VERIFIKASI WISUDA,06_Pengumuman,06_Pengumuman/pengumuman-perpanjangan-verifikasi-wisuda.pdf
Pengumuman Akademik/pengumuman-perubahan-dan-drop-frs.pdf,Pengumuman Akademik,PENGUMUMAN PERUBAHAN DAN DROP FRS,06_Pengumuman,06_Pengumuman/pengumuman-perubahan-dan-drop-frs.pdf
Pengumuman Akademik/pengumuman-perubahan-kalender-akademik-semester-genap-2023-2024.pdf,Pengumuman Akademik,PENGUMUMAN PERUBAHAN KALENDER AKADEMIK SEMESTER GENAP 2023-2024,06_Pengumuman,06_Pengumuman/pengumuman-perubahan-kalender-akademik-semester-genap-2023-2024.pdf
Pengumuman Akademik/pengumuman-perubahan-mata-kuliah-pada-frs.pdf,Pengumuman Akademik,PENGUMUMAN PERUBAHAN MATA KULIAH PADA FRS,06_Pengumuman,06_Pengumuman/pengumuman-perubahan-mata-kuliah-pada-frs.pdf
Pengumuman Akademik/pengumuman-perubahan-pbm-selama-cuti-bersama-lebaran-2023.pdf,Pengumuman Akademik,PENGUMUMAN PERUBAHAN PBM SELAMA CUTI BERSAMA LEBARAN 2023,06_Pengumuman,06_Pengumuman/pengumuman-perubahan-pbm-selama-cuti-bersama-lebaran-2023.pdf
Pengumuman Akademik/pengumuman-semester-antara-gasal-2024-2025-tte.pdf,Pengumuman Akademik,PENGUMUMAN SEMESTER ANTARA GASAL 2024-2025-TTE,06_Pengumuman,06_Pengumuman/pengumuman-semester-antara-gasal-2024-2025-tte.pdf
Pengumuman Akademik/pengumuman-semester-antara-gasal-2025-2026.pdf,Pengumuman Akademik,PENGUMUMAN SEMESTER ANTARA GASAL 2025-2026,06_Pengumuman,06_Pengumuman/pengumuman-semester-antara-gasal-2025-2026.pdf
Pengumuman Akademik/pengumuman-semester-antara-gasal-22-23.pdf,Pengumuman Akademik,PENGUMUMAN SEMESTER ANTARA GASAL 22-23,06_Pengumuman,06_Pengumuman/pengumuman-semester-antara-gasal-22-23.pdf
Pengumuman Akademik/pengumuman-semester-antara-genap-2023-2024.pdf,Pengumuman Akademik,PENGUMUMAN SEMESTER ANTARA GENAP 2023-2024,06_Pengumuman,06_Pengumuman/pengumuman-semester-antara-genap-2023-2024.pdf
Pengumuman Akademik/pengumuman-semester-antara-genap-2025-2026.pdf,Pengumuman Akademik,PENGUMUMAN SEMESTER ANTARA GENAP 2025-2026,06_Pengumuman,06_Pengumuman/pengumuman-semester-antara-genap-2025-2026.pdf
Pengumuman Akademik/pengumuman-semester-antara-sem-gasal-2023-2024.pdf,Pengumuman Akademik,PENGUMUMAN SEMESTER ANTARA SEM GASAL 2023-2024,06_Pengumuman,06_Pengumuman/pengumuman-semester-antara-sem-gasal-2023-2024.pdf
Pengumuman Akademik/pengumuman-semester-antara-sem-genap-2024-2025-1.pdf,Pengumuman Akademik,PENGUMUMAN SEMESTER ANTARA SEM GENAP 2024-2025-1,06_Pengumuman,06_Pengumuman/pengumuman-semester-antara-sem-genap-2024-2025-1.pdf
Pengumuman Akademik/pengumuman-semester-antara.pdf,Pengumuman Akademik,PENGUMUMAN SEMESTER ANTARA,06_Pengumuman,06_Pengumuman/pengumuman-semester-antara.pdf
Pengumuman Akademik/pengumuman-toga-video-wisuda.pdf,Pengumuman Akademik,PENGUMUMAN TOGA &amp; VIDEO WISUDA,06_Pengumuman,06_Pengumuman/pengumuman-toga-video-wisuda.pdf
Pengumuman Akademik/pengumuman-unduh-soal.pdf,Pengumuman Akademik,PENGUMUMAN UNDUH SOAL,06_Pengumuman,06_Pengumuman/pengumuman-unduh-soal.pdf
Pengumuman Akademik/pengumuman-verifikasi-calon-wisuda-september-2021.pdf,Pengumuman Akademik,Pengumuman Verifikasi Calon Wisuda September 2021,06_Pengumuman,06_Pengumuman/pengumuman-verifikasi-calon-wisuda-september-2021.pdf
Pengumuman Akademik/pengumuman-verifikasi-ijazah_revisi.pdf,Pengumuman Akademik,PENGUMUMAN VERIFIKASI IJAZAH_Revisi,06_Pengumuman,06_Pengumuman/pengumuman-verifikasi-ijazah_revisi.pdf
Pengumuman Akademik/pengumuman-wisuda-2.pdf,Pengumuman Akademik,PENGUMUMAN WISUDA (2),06_Pengumuman,06_Pengumuman/pengumuman-wisuda-2.pdf
Pengumuman Akademik/pengumuman-wisuda-ke-20.pdf,Pengumuman Akademik,PENGUMUMAN WISUDA KE 20,06_Pengumuman,06_Pengumuman/pengumuman-wisuda-ke-20.pdf
Pengumuman Akademik/pengumuman-wisuda-ke-24.pdf,Pengumuman Akademik,PENGUMUMAN WISUDA KE 24,06_Pengumuman,06_Pengumuman/pengumuman-wisuda-ke-24.pdf
Pengumuman Akademik/pengumuman-wisuda-lulusan-maret-2020.pdf,Pengumuman Akademik,Pengumuman Wisuda (Lulusan Maret 2020),06_Pengumuman,06_Pengumuman/pengumuman-wisuda-lulusan-maret-2020.pdf
Pengumuman Akademik/pengumuman-wisuda.pdf,Pengumuman Akademik,PENGUMUMAN WISUDA,06_Pengumuman,06_Pengumuman/pengumuman-wisuda.pdf
Pengumuman Akademik/pengumuman-wisuda_rev.pdf,Pengumuman Akademik,PENGUMUMAN WISUDA_rev,06_Pengumuman,06_Pengumuman/pengumuman-wisuda_rev.pdf
Pengumuman Akademik/permohonan-surat-keterangan-domisili-mahasiswa-pens.pdf,Pengumuman Akademik,Permohonan Surat Keterangan Domisili Mahasiswa PENS,09_Formulir,09_Formulir/permohonan-surat-keterangan-domisili-mahasiswa-pens.pdf
Pengumuman Akademik/perpanjangan-daftar-ulang-gasal-2022-2023.pdf,Pengumuman Akademik,PERPANJANGAN DAFTAR ULANG GASAL 2022-2023,06_Pengumuman,06_Pengumuman/perpanjangan-daftar-ulang-gasal-2022-2023.pdf
Pengumuman Akademik/perubahan-pelaksanaan-ptm.pdf,Pengumuman Akademik,PERUBAHAN PELAKSANAAN PTM,06_Pengumuman,06_Pengumuman/perubahan-pelaksanaan-ptm.pdf
Pengumuman Akademik/petunjuk-penggunaan-cetak-raport-dan-transkrip-sementara-di-online-mis.pdf,Pengumuman Akademik,PETUNJUK PENGGUNAAN CETAK RAPORT DAN TRANSKRIP SEMENTARA DI ONLINE MIS,11_Panduan & Pedoman,11_Panduan & Pedoman/petunjuk-penggunaan-cetak-raport-dan-transkrip-sementara-di-online-mis.pdf
Pengumuman Akademik/rev-jadwal-kegiatan-wisuda-ke-20-wisudawan-157.pdf,Pengumuman Akademik,REV-JADWAL KEGIATAN WISUDA KE 20 (WISUDAWAN)-157,10_Jadwal & Kalender Akademik,10_Jadwal & Kalender Akademik/rev-jadwal-kegiatan-wisuda-ke-20-wisudawan-157.pdf
Pengumuman Akademik/rev-pengumuman-tes-kesehatan.pdf,Pengumuman Akademik,REV-PENGUMUMAN TES KESEHATAN,06_Pengumuman,06_Pengumuman/rev-pengumuman-tes-kesehatan.pdf
Pengumuman Akademik/revisi-panduan-zoom-wisuda-ke-15-2.pdf,Pengumuman Akademik,REVISI PANDUAN ZOOM WISUDA KE 15,11_Panduan & Pedoman,11_Panduan & Pedoman/revisi-panduan-zoom-wisuda-ke-15-2.pdf
Pengumuman Akademik/revisi-pengambilan-toga-pembayaran-buku.pdf,Pengumuman Akademik,REVISI PENGAMBILAN TOGA &amp; PEMBAYARAN BUKU,06_Pengumuman,06_Pengumuman/revisi-pengambilan-toga-pembayaran-buku.pdf
Pengumuman Akademik/revisi-pengumuman-drop-frs.pdf,Pengumuman Akademik,REVISI PENGUMUMAN DROP FRS,06_Pengumuman,06_Pengumuman/revisi-pengumuman-drop-frs.pdf
Pengumuman Akademik/revisi-pengumuman-frs-2022.pdf,Pengumuman Akademik,REVISI PENGUMUMAN FRS 2022,06_Pengumuman,06_Pengumuman/revisi-pengumuman-frs-2022.pdf
Pengumuman Akademik/revisi-pengumuman-semester-antara-2.pdf,Pengumuman Akademik,REVISI PENGUMUMAN SEMESTER ANTARA,06_Pengumuman,06_Pengumuman/revisi-pengumuman-semester-antara-2.pdf
Pengumuman Akademik/revisi-pengumuman-semester-antara.pdf,Pengumuman Akademik,REVISI PENGUMUMAN SEMESTER ANTARA,06_Pengumuman,06_Pengumuman/revisi-pengumuman-semester-antara.pdf
Pengumuman Akademik/semester-antara-revisi.pdf,Pengumuman Akademik,SEMESTER ANTARA (REVISI),06_Pengumuman,06_Pengumuman/semester-antara-revisi.pdf
Pengumuman Akademik/sop-lito.pdf,Pengumuman Akademik,SOP LITO,"14_SOP, POB & Standar Pelayanan","14_SOP, POB & Standar Pelayanan/sop-lito.pdf"
Pengumuman Akademik/tutorial-nadine-pens-2025.pdf,Pengumuman Akademik,Tutorial NADIne PENS 2025,11_Panduan & Pedoman,11_Panduan & Pedoman/tutorial-nadine-pens-2025.pdf
Pengumuman/daftar_pelamar_lulus_seleksi_administrasi_cpns_2018_final.pdf,Pengumuman,daftar_pelamar_lulus_seleksi_administrasi_cpns_2018_final,06_Pengumuman,06_Pengumuman/daftar_pelamar_lulus_seleksi_administrasi_cpns_2018_final.pdf
Pengumuman/formasi-cpns-di-pens-2018.pdf,Pengumuman,Formasi CPNS di PENS 2018,06_Pengumuman,06_Pengumuman/formasi-cpns-di-pens-2018.pdf
Pengumuman/pengumuman-cpns-ristekdikti-2018.pdf,Pengumuman,Pengumuman CPNS Ristekdikti 2018,06_Pengumuman,06_Pengumuman/pengumuman-cpns-ristekdikti-2018.pdf
Pengumuman/pengumuman-hasil-skd-pens.pdf,Pengumuman,PENGUMUMAN-HASIL-SKD-PENS,06_Pengumuman,06_Pengumuman/pengumuman-hasil-skd-pens.pdf
Pengumuman/pengumuman-kpd-peserta-skb.pdf,Pengumuman,Pengumuman kpd Peserta SKB,06_Pengumuman,06_Pengumuman/pengumuman-kpd-peserta-skb.pdf
Pengumuman/pengumuman-penerimaan-cpns-2018.pdf,Pengumuman,PENGUMUMAN PENERIMAAN CPNS 2018,06_Pengumuman,06_Pengumuman/pengumuman-penerimaan-cpns-2018.pdf
Pengumuman/pengumuman-seleksi-cpns-pens-2021.pdf,Pengumuman,Pengumuman Seleksi CPNS PENS 2021,06_Pengumuman,06_Pengumuman/pengumuman-seleksi-cpns-pens-2021.pdf
Pengumuman/pengumuman-seleksi-pppk-teknis-2022_share.pdf,Pengumuman,Pengumuman Seleksi PPPK Teknis 2022_Share,06_Pengumuman,06_Pengumuman/pengumuman-seleksi-pppk-teknis-2022_share.pdf
Pengumuman/pengumuman_perubahan_jadwal.pdf,Pengumuman,pengumuman_perubahan_jadwal,06_Pengumuman,06_Pengumuman/pengumuman_perubahan_jadwal.pdf
Pengumuman/pengumuman_revisi.pdf,Pengumuman,pengumuman_revisi,06_Pengumuman,06_Pengumuman/pengumuman_revisi.pdf
Pengumuman/perpanjangan-jadwal-pendaftaran-cpns-2018.pdf,Pengumuman,Perpanjangan Jadwal Pendaftaran CPNS 2018,06_Pengumuman,06_Pengumuman/perpanjangan-jadwal-pendaftaran-cpns-2018.pdf
Pengumuman/rincian-kebutuhan-pppk-tenaga-teknis_share.pdf,Pengumuman,Rincian Kebutuhan PPPK Tenaga Teknis_Share,06_Pengumuman,06_Pengumuman/rincian-kebutuhan-pppk-tenaga-teknis_share.pdf
Pengumuman/surat-edaran-dan-form-permohonan-ijin-penggunaan-ruang-proyek-akhir-dan-thesis.pdf,Pengumuman,Surat Edaran dan Form Permohonan Ijin Penggunaan Ruang Proyek Akhir dan Thesis,07_Surat Edaran,07_Surat Edaran/surat-edaran-dan-form-permohonan-ijin-penggunaan-ruang-proyek-akhir-dan-thesis.pdf
Pengumuman/surat-edaran-tentang-penggunaan-laboratorium.pdf,Pengumuman,SURAT EDARAN TENTANG PENGGUNAAN LABORATORIUM,07_Surat Edaran,07_Surat Edaran/surat-edaran-tentang-penggunaan-laboratorium.pdf
Pengumuman/surat-pengantar-pengumuman-kelulusan-seleksi-administrasi.pdf,Pengumuman,Surat Pengantar Pengumuman Kelulusan Seleksi Administrasi,06_Pengumuman,06_Pengumuman/surat-pengantar-pengumuman-kelulusan-seleksi-administrasi.pdf
Peraturan Akademik/gelar-ijazah.pdf,Peraturan Akademik,GELAR IJAZAH,04_Peraturan Direktur & Peraturan Internal,04_Peraturan Direktur & Peraturan Internal/gelar-ijazah.pdf
Peraturan Akademik/gelar-lulusan-dalam-bahasa-inggris.pdf,Peraturan Akademik,GELAR LULUSAN DALAM BAHASA INGGRIS,04_Peraturan Direktur & Peraturan Internal,04_Peraturan Direktur & Peraturan Internal/gelar-lulusan-dalam-bahasa-inggris.pdf
Peraturan Akademik/perak-pens-2022.pdf,Peraturan Akademik,PERAK PENS 2022,04_Peraturan Direktur & Peraturan Internal,04_Peraturan Direktur & Peraturan Internal/perak-pens-2022.pdf
Peraturan Akademik/peraturan-akademik-2018-2.pdf,Peraturan Akademik,Peraturan-Akademik-2018,04_Peraturan Direktur & Peraturan Internal,04_Peraturan Direktur & Peraturan Internal/peraturan-akademik-2018-2.pdf
Peraturan Akademik/peraturan-akademik-2023.pdf,Peraturan Akademik,PERATURAN AKADEMIK 2023,04_Peraturan Direktur & Peraturan Internal,04_Peraturan Direktur & Peraturan Internal/peraturan-akademik-2023.pdf
Peraturan Akademik/peraturan-akademik-2024.pdf,Peraturan Akademik,PERATURAN AKADEMIK 2024,04_Peraturan Direktur & Peraturan Internal,04_Peraturan Direktur & Peraturan Internal/peraturan-akademik-2024.pdf
Peraturan Akademik/salinan-peraturan-direktur-nomor-1-tahun-2017-tentang-pedoman-spmi.pdf,Peraturan Akademik,SALINAN PERATURAN DIREKTUR NOMOR 1 TAHUN 2017 TENTANG PEDOMAN SPMI,04_Peraturan Direktur & Peraturan Internal,04_Peraturan Direktur & Peraturan Internal/salinan-peraturan-direktur-nomor-1-tahun-2017-tentang-pedoman-spmi.pdf
Peraturan Direktur/1-kode-etik-pens-4-fix.pdf,Peraturan Direktur,1.KODE ETIK PENS (4) fix,04_Peraturan Direktur & Peraturan Internal,04_Peraturan Direktur & Peraturan Internal/1-kode-etik-pens-4-fix.pdf
Peraturan Direktur/2-kode-etik-mahasiswa-8-fix.pdf,Peraturan Direktur,2.KODE ETIK MAHASISWA (8) fix,04_Peraturan Direktur & Peraturan Internal,04_Peraturan Direktur & Peraturan Internal/2-kode-etik-mahasiswa-8-fix.pdf
Peraturan Direktur/3-kode-etik-dosen-pens-6-fix.pdf,Peraturan Direktur,3.KODE ETIK DOSEN PENS (6) fix,04_Peraturan Direktur & Peraturan Internal,04_Peraturan Direktur & Peraturan Internal/3-kode-etik-dosen-pens-6-fix.pdf
Peraturan Direktur/4-kode-etik-tenaga-kependidikan-7-fix.pdf,Peraturan Direktur,4.KODE ETIK TENAGA KEPENDIDIKAN (7) fix,04_Peraturan Direktur & Peraturan Internal,04_Peraturan Direktur & Peraturan Internal/4-kode-etik-tenaga-kependidikan-7-fix.pdf
Peraturan Direktur/5-tata-cara-penanganan-pelanggaran-etik-5-fix.pdf,Peraturan Direktur,5.TATA CARA PENANGANAN PELANGGARAN ETIK (5) fix,04_Peraturan Direktur & Peraturan Internal,04_Peraturan Direktur & Peraturan Internal/5-tata-cara-penanganan-pelanggaran-etik-5-fix.pdf
Peraturan Direktur/kode-etik-dosen.pdf,Peraturan Direktur,KODE ETIK DOSEN,04_Peraturan Direktur & Peraturan Internal,04_Peraturan Direktur & Peraturan Internal/kode-etik-dosen.pdf
Peraturan Direktur/tata-cara-penyusunan-pemutakhiran-penggunaan-visi-misi-pens.pdf,Peraturan Direktur,TATA CARA PENYUSUNAN PEMUTAKHIRAN &amp; PENGGUNAAN VISI MISI PENS,04_Peraturan Direktur & Peraturan Internal,04_Peraturan Direktur & Peraturan Internal/tata-cara-penyusunan-pemutakhiran-penggunaan-visi-misi-pens.pdf
Peraturan Kemahasiswaan/peraturan-direktur_tentang-layanan-kemahasiswaan-2.pdf,Peraturan Kemahasiswaan,PERATURAN-DIREKTUR_Tentang-LAYANAN-KEMAHASISWAAN,04_Peraturan Direktur & Peraturan Internal,04_Peraturan Direktur & Peraturan Internal/peraturan-direktur_tentang-layanan-kemahasiswaan-2.pdf
Peraturan Kemahasiswaan/peraturan-direktur_tentang-penerimaan-mahasiswa-baru-2.pdf,Peraturan Kemahasiswaan,PERATURAN-DIREKTUR_Tentang-PENERIMAAN-MAHASISWA-BARU,04_Peraturan Direktur & Peraturan Internal,04_Peraturan Direktur & Peraturan Internal/peraturan-direktur_tentang-penerimaan-mahasiswa-baru-2.pdf
Peraturan Kemahasiswaan/peraturan-direktur_tentang-tata-cara-kehidupan-kampus-bagi-mahasiswa-2.pdf,Peraturan Kemahasiswaan,PERATURAN DIREKTUR_Tentang TATA CARA KEHIDUPAN KAMPUS BAGI MAHASISWA,04_Peraturan Direktur & Peraturan Internal,04_Peraturan Direktur & Peraturan Internal/peraturan-direktur_tentang-tata-cara-kehidupan-kampus-bagi-mahasiswa-2.pdf
Peraturan Kemahasiswaan/peraturan-direktur_tentang-tata-kehidupan-kampus-1.pdf,Peraturan Kemahasiswaan,PERATURAN DIREKTUR_Tentang TATA KEHIDUPAN KAMPUS (1),04_Peraturan Direktur & Peraturan Internal,04_Peraturan Direktur & Peraturan Internal/peraturan-direktur_tentang-tata-kehidupan-kampus-1.pdf
Peraturan Kemahasiswaan/sk-pedoman-bantuan-kompetisi-mahasiswa-pens.pdf,Peraturan Kemahasiswaan,SK PEDOMAN BANTUAN KOMPETISI MAHASISWA PENS,05_Surat Keputusan (SK)/Lainnya,05_Surat Keputusan (SK)/Lainnya/sk-pedoman-bantuan-kompetisi-mahasiswa-pens.pdf
Peraturan Kepegawaian/peraturan-direktur-nomor-4-tahun-2018-tentang-pengelolaan-sdm.pdf,Peraturan Kepegawaian,PERATURAN DIREKTUR NOMOR 4 TAHUN 2018 TENTANG PENGELOLAAN SDM,04_Peraturan Direktur & Peraturan Internal,04_Peraturan Direktur & Peraturan Internal/peraturan-direktur-nomor-4-tahun-2018-tentang-pengelolaan-sdm.pdf
Peraturan/gelar-akademik-2025.pdf,Peraturan,GELAR AKADEMIK (2025),04_Peraturan Direktur & Peraturan Internal,04_Peraturan Direktur & Peraturan Internal/gelar-akademik-2025.pdf
Peraturan/kepdirjen-diksi-no-27-tahun-2022-tentang-daftar-nama-profram-studi-jenis-pendidikan-tinggi-vokasi.pdf,Peraturan,Kepdirjen-Diksi-No.-27-Tahun-2022-Tentang-Daftar-Nama-Profram-Studi-Jenis-Pendidikan-Tinggi-Vokasi,03_Peraturan & Keputusan Menteri,03_Peraturan & Keputusan Menteri/kepdirjen-diksi-no-27-tahun-2022-tentang-daftar-nama-profram-studi-jenis-pendidikan-tinggi-vokasi.pdf
Peraturan/kualifikasi-d-iv-sama-dengan-s-1-2.pdf,Peraturan,Kualifikasi D-IV sama dengan S-1,03_Peraturan & Keputusan Menteri,03_Peraturan & Keputusan Menteri/kualifikasi-d-iv-sama-dengan-s-1-2.pdf
Perjanjian Kinerja/perjanjian-kinerja-pens-ta-2018.pdf,Perjanjian Kinerja,Perjanjian Kinerja PENS TA 2018,12_Perencanaan & Perjanjian Kinerja,12_Perencanaan & Perjanjian Kinerja/perjanjian-kinerja-pens-ta-2018.pdf
Perjanjian Kinerja/perjanjian-kinerja-pens-ta-2020.pdf,Perjanjian Kinerja,Perjanjian Kinerja PENS TA 2020,12_Perencanaan & Perjanjian Kinerja,12_Perencanaan & Perjanjian Kinerja/perjanjian-kinerja-pens-ta-2020.pdf
Perjanjian Kinerja/perjanjian-kinerja-pens-ta-2021.pdf,Perjanjian Kinerja,Perjanjian Kinerja PENS TA 2021,12_Perencanaan & Perjanjian Kinerja,12_Perencanaan & Perjanjian Kinerja/perjanjian-kinerja-pens-ta-2021.pdf
Perjanjian Kinerja/perjanjian-kinerja-pens-ta-2022.pdf,Perjanjian Kinerja,Perjanjian Kinerja PENS TA 2022,12_Perencanaan & Perjanjian Kinerja,12_Perencanaan & Perjanjian Kinerja/perjanjian-kinerja-pens-ta-2022.pdf
Perjanjian Kinerja/perjanjian-kinerja-pens-ta-2023.pdf,Perjanjian Kinerja,Perjanjian Kinerja PENS TA 2023,12_Perencanaan & Perjanjian Kinerja,12_Perencanaan & Perjanjian Kinerja/perjanjian-kinerja-pens-ta-2023.pdf
Perjanjian Kinerja/perjanjian-kinerja-pens-ta-2024.pdf,Perjanjian Kinerja,Perjanjian Kinerja PENS TA 2024,12_Perencanaan & Perjanjian Kinerja,12_Perencanaan & Perjanjian Kinerja/perjanjian-kinerja-pens-ta-2024.pdf
Perjanjian Kinerja/perjanjian-kinerja-pens-ta-2025.pdf,Perjanjian Kinerja,Perjanjian Kinerja PENS TA 2025,12_Perencanaan & Perjanjian Kinerja,12_Perencanaan & Perjanjian Kinerja/perjanjian-kinerja-pens-ta-2025.pdf
Perjanjian Kinerja/perjanjian-kinerja-pens-ta-2026.pdf,Perjanjian Kinerja,Perjanjian Kinerja PENS TA 2026,12_Perencanaan & Perjanjian Kinerja,12_Perencanaan & Perjanjian Kinerja/perjanjian-kinerja-pens-ta-2026.pdf
Perjanjian Kinerja/revisi-perjanjian-kinerja-pens-ta-2025.pdf,Perjanjian Kinerja,Revisi Perjanjian Kinerja PENS TA 2025,12_Perencanaan & Perjanjian Kinerja,12_Perencanaan & Perjanjian Kinerja/revisi-perjanjian-kinerja-pens-ta-2025.pdf
Program PJJ/sk-hasil-seleksi-d3-s1-pjj-2026.pdf,Program PJJ,SK HASIL SELEKSI D3 &amp; S1 PJJ 2026,05_Surat Keputusan (SK)/Penerimaan Mahasiswa Baru,05_Surat Keputusan (SK)/Penerimaan Mahasiswa Baru/sk-hasil-seleksi-d3-s1-pjj-2026.pdf
Program PJJ/sk-penetapan-seleksi-utbk-pjj-reguler.pdf,Program PJJ,SK PENETAPAN SELEKSI UTBK PJJ REGULER,05_Surat Keputusan (SK)/Penerimaan Mahasiswa Baru,05_Surat Keputusan (SK)/Penerimaan Mahasiswa Baru/sk-penetapan-seleksi-utbk-pjj-reguler.pdf
RPL LJ/pengumuman-daftar-ulang-rpl-pjj-sem-genap-2023-2024.pdf,RPL LJ,PENGUMUMAN DAFTAR ULANG RPL PJJ SEM GENAP 2023-2024,06_Pengumuman,06_Pengumuman/pengumuman-daftar-ulang-rpl-pjj-sem-genap-2023-2024.pdf
RPL LJ/pengumuman-daftar-ulang-rpl-tahun-akademik-2023-2024.pdf,RPL LJ,PENGUMUMAN DAFTAR ULANG RPL TAHUN AKADEMIK 2023-2024,06_Pengumuman,06_Pengumuman/pengumuman-daftar-ulang-rpl-tahun-akademik-2023-2024.pdf
RPL LJ/pengumuman-pelaksanaan-wawancara-seleksi-masuk-rpl-lj-pjj-sem-genap-2023-2024.pdf,RPL LJ,PENGUMUMAN PELAKSANAAN WAWANCARA SELEKSI MASUK RPL LJ PJJ SEM GENAP 2023-2024,06_Pengumuman,06_Pengumuman/pengumuman-pelaksanaan-wawancara-seleksi-masuk-rpl-lj-pjj-sem-genap-2023-2024.pdf
RPL LJ/sk-hasil-lj-non-pens.pdf,RPL LJ,SK HASIL LJ NON PENS,05_Surat Keputusan (SK)/Penerimaan Mahasiswa Baru,05_Surat Keputusan (SK)/Penerimaan Mahasiswa Baru/sk-hasil-lj-non-pens.pdf
RPL LJ/sk-hasil-seleksi-lj-pens-2021.pdf,RPL LJ,SK HASIL SELEKSI (LJ-PENS) 2021,05_Surat Keputusan (SK)/Penerimaan Mahasiswa Baru,05_Surat Keputusan (SK)/Penerimaan Mahasiswa Baru/sk-hasil-seleksi-lj-pens-2021.pdf
RPL LJ/sk-hasil-seleksi-lj-pens.pdf,RPL LJ,SK HASIL SELEKSI LJ (PENS),05_Surat Keputusan (SK)/Penerimaan Mahasiswa Baru,05_Surat Keputusan (SK)/Penerimaan Mahasiswa Baru/sk-hasil-seleksi-lj-pens.pdf
RPL LJ/sk-hasil-seleksi-masuk-rpl-lj-pjj-semester-genap-tahun-akademik-2023-2024.pdf,RPL LJ,SK HASIL SELEKSI MASUK RPL LJ PJJ SEMESTER GENAP TAHUN AKADEMIK 2023-2024,05_Surat Keputusan (SK)/Penerimaan Mahasiswa Baru,05_Surat Keputusan (SK)/Penerimaan Mahasiswa Baru/sk-hasil-seleksi-masuk-rpl-lj-pjj-semester-genap-tahun-akademik-2023-2024.pdf
RPL LJ/sk-hasil-seleksi-rpl-lj-program-sarjana-terapan-tahun-akademik-2023-2024.pdf,RPL LJ,SK HASIL SELEKSI RPL/LJ PROGRAM SARJANA TERAPAN TAHUN AKADEMIK 2023-2024,05_Surat Keputusan (SK)/Penerimaan Mahasiswa Baru,05_Surat Keputusan (SK)/Penerimaan Mahasiswa Baru/sk-hasil-seleksi-rpl-lj-program-sarjana-terapan-tahun-akademik-2023-2024.pdf
RPL LJ/sk-hasil-um-d4-lj-pens.pdf,RPL LJ,SK HASIL UM D4-LJ PENS,05_Surat Keputusan (SK)/Penerimaan Mahasiswa Baru,05_Surat Keputusan (SK)/Penerimaan Mahasiswa Baru/sk-hasil-um-d4-lj-pens.pdf
RPL LJ/sk-penetapan-daftar-ulang-rpl-lj-pjj-sem-genap-2023-2024.pdf,RPL LJ,SK PENETAPAN DAFTAR ULANG RPL LJ PJJ SEM GENAP 2023-2024,05_Surat Keputusan (SK)/Penerimaan Mahasiswa Baru,05_Surat Keputusan (SK)/Penerimaan Mahasiswa Baru/sk-penetapan-daftar-ulang-rpl-lj-pjj-sem-genap-2023-2024.pdf
RPL LJ/sk-penetapan-daftar-ulang-rpl-lj-program-sarjana-terapan-tahun-akademik-2023-2024.pdf,RPL LJ,SK PENETAPAN DAFTAR ULANG RPL/LJ PROGRAM SARJANA TERAPAN TAHUN AKADEMIK 2023-2024,05_Surat Keputusan (SK)/Penerimaan Mahasiswa Baru,05_Surat Keputusan (SK)/Penerimaan Mahasiswa Baru/sk-penetapan-daftar-ulang-rpl-lj-program-sarjana-terapan-tahun-akademik-2023-2024.pdf
RPL LJ/sk-penetapan-pengakuan-sks-rpl-lj-program-sarjana-terapan-pjj-teknik-telekomunikasi-tahun-akademik-2023-2024.pdf,RPL LJ,SK PENETAPAN PENGAKUAN SKS RPL-LJ PROGRAM SARJANA TERAPAN PJJ TEKNIK TELEKOMUNIKASI TAHUN AKADEMIK 2023-2024,05_Surat Keputusan (SK)/Penerimaan Mahasiswa Baru,05_Surat Keputusan (SK)/Penerimaan Mahasiswa Baru/sk-penetapan-pengakuan-sks-rpl-lj-program-sarjana-terapan-pjj-teknik-telekomunikasi-tahun-akademik-2023-2024.pdf
RPL LJ/sk-penetapan-pengakuan-sks-rpl-lj-program-sarjana-terapan-teknik-elektro-industri-tahun-akademik-2023-2024.pdf,RPL LJ,SK PENETAPAN PENGAKUAN SKS RPL-LJ PROGRAM SARJANA TERAPAN TEKNIK ELEKTRO INDUSTRI TAHUN AKADEMIK 2023-2024,05_Surat Keputusan (SK)/Penerimaan Mahasiswa Baru,05_Surat Keputusan (SK)/Penerimaan Mahasiswa Baru/sk-penetapan-pengakuan-sks-rpl-lj-program-sarjana-terapan-teknik-elektro-industri-tahun-akademik-2023-2024.pdf
RPL LJ/sk-penetapan-pengakuan-sks-rpl-lj-program-sarjana-terapan-teknik-elektronika-tahun-akademik-2023-2024.pdf,RPL LJ,SK PENETAPAN PENGAKUAN SKS RPL-LJ PROGRAM SARJANA TERAPAN TEKNIK ELEKTRONIKA TAHUN AKADEMIK 2023-2024,05_Surat Keputusan (SK)/Penerimaan Mahasiswa Baru,05_Surat Keputusan (SK)/Penerimaan Mahasiswa Baru/sk-penetapan-pengakuan-sks-rpl-lj-program-sarjana-terapan-teknik-elektronika-tahun-akademik-2023-2024.pdf
RPL LJ/sk-penetapan-pengakuan-sks-rpl-lj-program-sarjana-terapan-teknik-informatika-tahun-akademik-2023-2024.pdf,RPL LJ,SK PENETAPAN PENGAKUAN SKS RPL-LJ PROGRAM SARJANA TERAPAN TEKNIK INFORMATIKA TAHUN AKADEMIK 2023-2024,05_Surat Keputusan (SK)/Penerimaan Mahasiswa Baru,05_Surat Keputusan (SK)/Penerimaan Mahasiswa Baru/sk-penetapan-pengakuan-sks-rpl-lj-program-sarjana-terapan-teknik-informatika-tahun-akademik-2023-2024.pdf
RPL LJ/sk-pengakuan-sks-rpl-lj-pjj-semester-genap-tahun-akademik-2023-2024.pdf,RPL LJ,SK PENGAKUAN SKS RPL LJ PJJ SEMESTER GENAP TAHUN AKADEMIK 2023-2024,05_Surat Keputusan (SK)/Penerimaan Mahasiswa Baru,05_Surat Keputusan (SK)/Penerimaan Mahasiswa Baru/sk-pengakuan-sks-rpl-lj-pjj-semester-genap-tahun-akademik-2023-2024.pdf
RPL LJ/sk-seleksi-d4-lj-non-pens.pdf,RPL LJ,SK SELEKSI D4-LJ NON-PENS,05_Surat Keputusan (SK)/Penerimaan Mahasiswa Baru,05_Surat Keputusan (SK)/Penerimaan Mahasiswa Baru/sk-seleksi-d4-lj-non-pens.pdf
RPL-Lanjut Jenang/sk-penetapan-rpl-lj-2026-2027.pdf,RPL-Lanjut Jenang,SK PENETAPAN RPL-LJ 2026-2027,05_Surat Keputusan (SK)/Penerimaan Mahasiswa Baru,05_Surat Keputusan (SK)/Penerimaan Mahasiswa Baru/sk-penetapan-rpl-lj-2026-2027.pdf
RPL-Lanjut Jenang/sk-penetapan-seleksi-rpl-spe-2026.pdf,RPL-Lanjut Jenang,SK PENETAPAN SELEKSI RPL SPE 2026,05_Surat Keputusan (SK)/Penerimaan Mahasiswa Baru,05_Surat Keputusan (SK)/Penerimaan Mahasiswa Baru/sk-penetapan-seleksi-rpl-spe-2026.pdf
RPL/1-pengumuman-pelaksanaan-wawancara-rpl-lj-sem-gasal-2025-2026.pdf,RPL,1. PENGUMUMAN PELAKSANAAN WAWANCARA RPL LJ SEM GASAL 2025-2026,06_Pengumuman,06_Pengumuman/1-pengumuman-pelaksanaan-wawancara-rpl-lj-sem-gasal-2025-2026.pdf
RPL/1-sk-hasil-seleksi-rpl-lj-tahun-2024-2025.pdf,RPL,1. SK HASIL SELEKSI RPL LJ TAHUN 2024-2025,05_Surat Keputusan (SK)/Penerimaan Mahasiswa Baru,05_Surat Keputusan (SK)/Penerimaan Mahasiswa Baru/1-sk-hasil-seleksi-rpl-lj-tahun-2024-2025.pdf
RPL/2-sk-hasil-penetapan-pengakuan-sks-rpl-lj-tahun-2024-2025-stamp.pdf,RPL,2. SK HASIL PENETAPAN PENGAKUAN SKS RPL LJ TAHUN 2024-2025 [STAMP],05_Surat Keputusan (SK)/Penerimaan Mahasiswa Baru,05_Surat Keputusan (SK)/Penerimaan Mahasiswa Baru/2-sk-hasil-penetapan-pengakuan-sks-rpl-lj-tahun-2024-2025-stamp.pdf
RPL/2-sk-hasil-seleksi-rpl-lj-sarjana-terapan-sem-gasal-tahun-2025-2026.pdf,RPL,2. SK HASIL SELEKSI RPL LJ SARJANA TERAPAN SEM GASAL TAHUN 2025-2026,05_Surat Keputusan (SK)/Penerimaan Mahasiswa Baru,05_Surat Keputusan (SK)/Penerimaan Mahasiswa Baru/2-sk-hasil-seleksi-rpl-lj-sarjana-terapan-sem-gasal-tahun-2025-2026.pdf
RPL/3-pengumuman-daftar-ulang-maba-rpl-lj-d4-sem-gasal-2025-2026.pdf,RPL,3. PENGUMUMAN DAFTAR ULANG MABA RPL LJ D4 SEM GASAL 2025-2026,06_Pengumuman,06_Pengumuman/3-pengumuman-daftar-ulang-maba-rpl-lj-d4-sem-gasal-2025-2026.pdf
RPL/3-pengumuman-daftar-ulang-rpl-lj-tahun-2024-2025.pdf,RPL,3. PENGUMUMAN DAFTAR ULANG RPL LJ TAHUN 2024-2025,06_Pengumuman,06_Pengumuman/3-pengumuman-daftar-ulang-rpl-lj-tahun-2024-2025.pdf
RPL/4-sk-penetapan-daful-rpl-lj-tahun-akademik-2024-2025.pdf,RPL,4. SK PENETAPAN DAFUL RPL LJ TAHUN AKADEMIK 2024-2025,05_Surat Keputusan (SK)/Penerimaan Mahasiswa Baru,05_Surat Keputusan (SK)/Penerimaan Mahasiswa Baru/4-sk-penetapan-daful-rpl-lj-tahun-akademik-2024-2025.pdf
RPL/4-sk-revisi-penetapan-capaian-pembelajaran-hasil-asesmen-rpl-d4-sem-gasal-2024-2025.pdf,RPL,4. SK REVISI PENETAPAN CAPAIAN PEMBELAJARAN HASIL ASESMEN RPL D4 SEM GASAL 2024-2025,05_Surat Keputusan (SK)/Penerimaan Mahasiswa Baru,05_Surat Keputusan (SK)/Penerimaan Mahasiswa Baru/4-sk-revisi-penetapan-capaian-pembelajaran-hasil-asesmen-rpl-d4-sem-gasal-2024-2025.pdf
RPL/5-pengumuman-wawancara-rpl-sem-genap-2024-2025.pdf,RPL,5. PENGUMUMAN WAWANCARA RPL SEM GENAP 2024-2025,06_Pengumuman,06_Pengumuman/5-pengumuman-wawancara-rpl-sem-genap-2024-2025.pdf
RPL/5-sk-penetapan-daful-maba-rpl-program-sarjana-terapan-pens-tahun-2025-2026.pdf,RPL,5. SK PENETAPAN DAFUL MABA RPL PROGRAM SARJANA TERAPAN PENS TAHUN 2025-2026,05_Surat Keputusan (SK)/Penerimaan Mahasiswa Baru,05_Surat Keputusan (SK)/Penerimaan Mahasiswa Baru/5-sk-penetapan-daful-maba-rpl-program-sarjana-terapan-pens-tahun-2025-2026.pdf
RPL/6-pengumuman-wawancara-rpl-lj-genap-2025-2026.pdf,RPL,6. PENGUMUMAN WAWANCARA RPL LJ GENAP 2025-2026,06_Pengumuman,06_Pengumuman/6-pengumuman-wawancara-rpl-lj-genap-2025-2026.pdf
RPL/6-sk-hasil-seleksi-rpl-lj-sem-genap-2024-2025.pdf,RPL,6. SK HASIL SELEKSI RPL LJ SEM GENAP 2024-2025,05_Surat Keputusan (SK)/Penerimaan Mahasiswa Baru,05_Surat Keputusan (SK)/Penerimaan Mahasiswa Baru/6-sk-hasil-seleksi-rpl-lj-sem-genap-2024-2025.pdf
RPL/7-pengumuman-daftar-ulang-rpl-sem-genap-2024-2025.pdf,RPL,7. PENGUMUMAN DAFTAR ULANG RPL SEM GENAP 2024-2025,06_Pengumuman,06_Pengumuman/7-pengumuman-daftar-ulang-rpl-sem-genap-2024-2025.pdf
RPL/8-sk-capaian-pembelajaran-rpl-lj-sem-genap-2024-2025.pdf,RPL,8. SK CAPAIAN PEMBELAJARAN RPL LJ SEM GENAP 2024-2025,05_Surat Keputusan (SK)/Penerimaan Mahasiswa Baru,05_Surat Keputusan (SK)/Penerimaan Mahasiswa Baru/8-sk-capaian-pembelajaran-rpl-lj-sem-genap-2024-2025.pdf
RPL/9-sk-penetapan-daftar-ulang-maba-rpl-lj-sem-genap-tahun-2024-2025.pdf,RPL,9. SK PENETAPAN DAFTAR ULANG MABA RPL LJ SEM GENAP TAHUN 2024-2025,05_Surat Keputusan (SK)/Penerimaan Mahasiswa Baru,05_Surat Keputusan (SK)/Penerimaan Mahasiswa Baru/9-sk-penetapan-daftar-ulang-maba-rpl-lj-sem-genap-tahun-2024-2025.pdf
RPL/sk-penetapan-capaian-pembelajaran-hasil-asesmen-rpl-lj-sem-genap-2025-2026.pdf,RPL,SK PENETAPAN CAPAIAN PEMBELAJARAN HASIL ASESMEN RPL LJ SEM GENAP 2025-2026,05_Surat Keputusan (SK)/Penerimaan Mahasiswa Baru,05_Surat Keputusan (SK)/Penerimaan Mahasiswa Baru/sk-penetapan-capaian-pembelajaran-hasil-asesmen-rpl-lj-sem-genap-2025-2026.pdf
RPL/sk-penetapan-lolos-seleksi-maba-rpl-sem-genap-2025-2026.pdf,RPL,SK PENETAPAN LOLOS SELEKSI MABA RPL SEM GENAP 2025-2026,05_Surat Keputusan (SK)/Penerimaan Mahasiswa Baru,05_Surat Keputusan (SK)/Penerimaan Mahasiswa Baru/sk-penetapan-lolos-seleksi-maba-rpl-sem-genap-2025-2026.pdf
Rencana Induk Pengembangan/rip.pdf,Rencana Induk Pengembangan,RIP,12_Perencanaan & Perjanjian Kinerja,12_Perencanaan & Perjanjian Kinerja/rip.pdf
Rencana Kerja Tahunan/rba-pens-ta-2024.pdf,Rencana Kerja Tahunan,RBA PENS TA 2024,12_Perencanaan & Perjanjian Kinerja,12_Perencanaan & Perjanjian Kinerja/rba-pens-ta-2024.pdf
Rencana Kerja Tahunan/rba-pens-ta-2025.pdf,Rencana Kerja Tahunan,RBA PENS TA 2025,12_Perencanaan & Perjanjian Kinerja,12_Perencanaan & Perjanjian Kinerja/rba-pens-ta-2025.pdf
Rencana Kerja Tahunan/rkt-pens-ta-2021.pdf,Rencana Kerja Tahunan,RKT PENS TA 2021,12_Perencanaan & Perjanjian Kinerja,12_Perencanaan & Perjanjian Kinerja/rkt-pens-ta-2021.pdf
Rencana Kerja Tahunan/rkt-pens-ta-2022.pdf,Rencana Kerja Tahunan,RKT PENS TA 2022,12_Perencanaan & Perjanjian Kinerja,12_Perencanaan & Perjanjian Kinerja/rkt-pens-ta-2022.pdf
Rencana Kerja Tahunan/rkt-pens-ta-2023.pdf,Rencana Kerja Tahunan,RKT PENS TA 2023,12_Perencanaan & Perjanjian Kinerja,12_Perencanaan & Perjanjian Kinerja/rkt-pens-ta-2023.pdf
Rencana Kerja Tahunan/rkt-pens-ta-2024.pdf,Rencana Kerja Tahunan,RKT PENS TA 2024,12_Perencanaan & Perjanjian Kinerja,12_Perencanaan & Perjanjian Kinerja/rkt-pens-ta-2024.pdf
Rencana Kerja Tahunan/rkt-pens-ta-2025.pdf,Rencana Kerja Tahunan,RKT PENS TA 2025,12_Perencanaan & Perjanjian Kinerja,12_Perencanaan & Perjanjian Kinerja/rkt-pens-ta-2025.pdf
Rencana Kerja Tahunan/rkt-pens-ta-2026.pdf,Rencana Kerja Tahunan,RKT PENS TA 2026,12_Perencanaan & Perjanjian Kinerja,12_Perencanaan & Perjanjian Kinerja/rkt-pens-ta-2026.pdf
Rencana Strategis/rencana-strategis-pens-2015-2019.pdf,Rencana Strategis,Rencana Strategis PENS 2015-2019,12_Perencanaan & Perjanjian Kinerja,12_Perencanaan & Perjanjian Kinerja/rencana-strategis-pens-2015-2019.pdf
Rencana Strategis/rencana-strategis-pens-2020-2024-revisi.pdf,Rencana Strategis,Rencana Strategis PENS 2020-2024 Revisi,12_Perencanaan & Perjanjian Kinerja,12_Perencanaan & Perjanjian Kinerja/rencana-strategis-pens-2020-2024-revisi.pdf
Rencana Strategis/rencana-strategis-pens-2020-2024.pdf,Rencana Strategis,Rencana Strategis PENS 2020-2024,12_Perencanaan & Perjanjian Kinerja,12_Perencanaan & Perjanjian Kinerja/rencana-strategis-pens-2020-2024.pdf
Rencana Strategis/rencana-strategis-pens-2025-2029.pdf,Rencana Strategis,Rencana Strategis PENS 2025-2029,12_Perencanaan & Perjanjian Kinerja,12_Perencanaan & Perjanjian Kinerja/rencana-strategis-pens-2025-2029.pdf
S2/sk-hasil-seleksi-pascasarjana-gelombang-ii-tahun-akademik-2023-2024.pdf,S2,SK HASIL SELEKSI PASCASARJANA GELOMBANG II TAHUN AKADEMIK 2023-2024,05_Surat Keputusan (SK)/Penerimaan Mahasiswa Baru,05_Surat Keputusan (SK)/Penerimaan Mahasiswa Baru/sk-hasil-seleksi-pascasarjana-gelombang-ii-tahun-akademik-2023-2024.pdf
S2/sk-hasil-seleksi-pmb-gel-1-magister-terapan-pens-gasal-tahun-akademik-2025-2026.pdf,S2,SK Hasil Seleksi PMB Gel 1 Magister Terapan PENS Gasal Tahun akademik 2025-2026,05_Surat Keputusan (SK)/Penerimaan Mahasiswa Baru,05_Surat Keputusan (SK)/Penerimaan Mahasiswa Baru/sk-hasil-seleksi-pmb-gel-1-magister-terapan-pens-gasal-tahun-akademik-2025-2026.pdf
S2/sk-hasil-seleksi-pmb-pasca-sarjana-s2-gelombang-1-tahun-akademik-2023-2024.pdf,S2,SK HASIL SELEKSI PMB PASCA SARJANA (S2) GELOMBANG 1 TAHUN AKADEMIK 2023-2024,05_Surat Keputusan (SK)/Penerimaan Mahasiswa Baru,05_Surat Keputusan (SK)/Penerimaan Mahasiswa Baru/sk-hasil-seleksi-pmb-pasca-sarjana-s2-gelombang-1-tahun-akademik-2023-2024.pdf
S2/sk-pmb-pascasarjana-gelombang-1-tahun-akademik-2024-2025.pdf,S2,SK PMB PASCASARJANA GELOMBANG 1 TAHUN AKADEMIK 2024-2025,05_Surat Keputusan (SK)/Penerimaan Mahasiswa Baru,05_Surat Keputusan (SK)/Penerimaan Mahasiswa Baru/sk-pmb-pascasarjana-gelombang-1-tahun-akademik-2024-2025.pdf
S2/sk-pmb-pascasarjana-gelombang-2-tahun-akademik-2024-2025.pdf,S2,SK PMB PASCASARJANA GELOMBANG 2 TAHUN AKADEMIK 2024-2025,05_Surat Keputusan (SK)/Penerimaan Mahasiswa Baru,05_Surat Keputusan (SK)/Penerimaan Mahasiswa Baru/sk-pmb-pascasarjana-gelombang-2-tahun-akademik-2024-2025.pdf
S2/sk-seleksi-s2-beasiswa-gel-1.pdf,S2,SK SELEKSI S2 BEASISWA GEL.1,05_Surat Keputusan (SK)/Penerimaan Mahasiswa Baru,05_Surat Keputusan (SK)/Penerimaan Mahasiswa Baru/sk-seleksi-s2-beasiswa-gel-1.pdf
S2/sk-seleksi-s2-beasiswa-gel-2.pdf,S2,SK SELEKSI S2 BEASISWA GEL.2,05_Surat Keputusan (SK)/Penerimaan Mahasiswa Baru,05_Surat Keputusan (SK)/Penerimaan Mahasiswa Baru/sk-seleksi-s2-beasiswa-gel-2.pdf
S2/sk-seleksi-s2-beasiswa-gel-3.pdf,S2,SK SELEKSI S2 BEASISWA GEL.3,05_Surat Keputusan (SK)/Penerimaan Mahasiswa Baru,05_Surat Keputusan (SK)/Penerimaan Mahasiswa Baru/sk-seleksi-s2-beasiswa-gel-3.pdf
S2/sk-seleksi-s2-gel-1-2.pdf,S2,SK SELEKSI S2 GEL.1,05_Surat Keputusan (SK)/Penerimaan Mahasiswa Baru,05_Surat Keputusan (SK)/Penerimaan Mahasiswa Baru/sk-seleksi-s2-gel-1-2.pdf
S2/sk-seleksi-s2-gel-1.pdf,S2,SK SELEKSI S2 GEL-1,05_Surat Keputusan (SK)/Penerimaan Mahasiswa Baru,05_Surat Keputusan (SK)/Penerimaan Mahasiswa Baru/sk-seleksi-s2-gel-1.pdf
S2/sk-seleksi-s2-gel-2.pdf,S2,SK SELEKSI S2 GEL-2,05_Surat Keputusan (SK)/Penerimaan Mahasiswa Baru,05_Surat Keputusan (SK)/Penerimaan Mahasiswa Baru/sk-seleksi-s2-gel-2.pdf
S2/sk-seleksi-s2.pdf,S2,SK SELEKSI S2,05_Surat Keputusan (SK)/Penerimaan Mahasiswa Baru,05_Surat Keputusan (SK)/Penerimaan Mahasiswa Baru/sk-seleksi-s2.pdf
SBMPN/2-sk-seleksi-sbmpn-ukt-tahun-2020.pdf,SBMPN,2. SK SELEKSI SBMPN (UKT) TAHUN 2020,05_Surat Keputusan (SK)/Penerimaan Mahasiswa Baru,05_Surat Keputusan (SK)/Penerimaan Mahasiswa Baru/2-sk-seleksi-sbmpn-ukt-tahun-2020.pdf
SBMPTN/sk-hasil-sbmptn.pdf,SBMPTN,SK HASIL SBMPTN,05_Surat Keputusan (SK)/Penerimaan Mahasiswa Baru,05_Surat Keputusan (SK)/Penerimaan Mahasiswa Baru/sk-hasil-sbmptn.pdf
SBMPTN/sk-penetapan-daftar-ulang-jalur-sbmptn-program-sarjana-terapan-tahun-akademik-2022-2023.pdf,SBMPTN,SK PENETAPAN DAFTAR ULANG JALUR SBMPTN PROGRAM SARJANA TERAPAN TAHUN AKADEMIK 2022-2023,05_Surat Keputusan (SK)/Penerimaan Mahasiswa Baru,05_Surat Keputusan (SK)/Penerimaan Mahasiswa Baru/sk-penetapan-daftar-ulang-jalur-sbmptn-program-sarjana-terapan-tahun-akademik-2022-2023.pdf
SIMANDIRI/1-sk-hasil-seleksi-simandiri-gelombang-1-tahun-2024-2025.pdf,SIMANDIRI,1. SK HASIL SELEKSI SIMANDIRI GELOMBANG 1 TAHUN 2024-2025,05_Surat Keputusan (SK)/Penerimaan Mahasiswa Baru,05_Surat Keputusan (SK)/Penerimaan Mahasiswa Baru/1-sk-hasil-seleksi-simandiri-gelombang-1-tahun-2024-2025.pdf
SIMANDIRI/1-sk-hasil-simandiri-pens-gelombang-1-tahun-akademik-2025-2026.pdf,SIMANDIRI,1. SK HASIL SIMANDIRI PENS GELOMBANG 1 TAHUN AKADEMIK 2025-2026,05_Surat Keputusan (SK)/Penerimaan Mahasiswa Baru,05_Surat Keputusan (SK)/Penerimaan Mahasiswa Baru/1-sk-hasil-simandiri-pens-gelombang-1-tahun-akademik-2025-2026.pdf
SIMANDIRI/10-sk-hasil-simandiri-gel-3-tahun-2025-2026.pdf,SIMANDIRI,10. SK HASIL SIMANDIRI GEL 3 TAHUN 2025-2026,05_Surat Keputusan (SK)/Penerimaan Mahasiswa Baru,05_Surat Keputusan (SK)/Penerimaan Mahasiswa Baru/10-sk-hasil-simandiri-gel-3-tahun-2025-2026.pdf
SIMANDIRI/11-pengumuman-daftar-ulang-simandiri-gel-3-tahun-2025-2026.pdf,SIMANDIRI,11. PENGUMUMAN DAFTAR ULANG SIMANDIRI GEL 3 TAHUN 2025-2026,06_Pengumuman,06_Pengumuman/11-pengumuman-daftar-ulang-simandiri-gel-3-tahun-2025-2026.pdf
SIMANDIRI/12-pengumuman-daftar-ulang-cadangan-simandiri-gelombang-3-tahun-akademik-2025-2026.pdf,SIMANDIRI,12. PENGUMUMAN DAFTAR ULANG CADANGAN SIMANDIRI GELOMBANG 3 TAHUN AKADEMIK 2025-2026,06_Pengumuman,06_Pengumuman/12-pengumuman-daftar-ulang-cadangan-simandiri-gelombang-3-tahun-akademik-2025-2026.pdf
SIMANDIRI/13-sk-penetapan-daftar-ulang-maba-simandiri-gel-3-tahun-2025-2026.pdf,SIMANDIRI,13. SK PENETAPAN DAFTAR ULANG MABA SIMANDIRI GEL 3 TAHUN 2025-2026,05_Surat Keputusan (SK)/Penerimaan Mahasiswa Baru,05_Surat Keputusan (SK)/Penerimaan Mahasiswa Baru/13-sk-penetapan-daftar-ulang-maba-simandiri-gel-3-tahun-2025-2026.pdf
SIMANDIRI/14-sk-penetapan-ukt-maba-simandiri-gel-3-tahun-2025-2026.pdf,SIMANDIRI,14. SK PENETAPAN UKT MABA SIMANDIRI GEL 3 TAHUN 2025-2026,05_Surat Keputusan (SK)/Penerimaan Mahasiswa Baru,05_Surat Keputusan (SK)/Penerimaan Mahasiswa Baru/14-sk-penetapan-ukt-maba-simandiri-gel-3-tahun-2025-2026.pdf
SIMANDIRI/2-pengumuman-daftar-ulang-simandiri-gelombang-1-pens-tahun-akademik-2025-2026.pdf,SIMANDIRI,2. PENGUMUMAN DAFTAR ULANG SIMANDIRI GELOMBANG 1 PENS TAHUN AKADEMIK 2025-2026,06_Pengumuman,06_Pengumuman/2-pengumuman-daftar-ulang-simandiri-gelombang-1-pens-tahun-akademik-2025-2026.pdf
SIMANDIRI/2-pengumuman-daftar-ulang-simandiri-gelombang-1-tahun-2024-2025.pdf,SIMANDIRI,2. PENGUMUMAN DAFTAR ULANG SIMANDIRI GELOMBANG 1 TAHUN 2024-2025,06_Pengumuman,06_Pengumuman/2-pengumuman-daftar-ulang-simandiri-gelombang-1-tahun-2024-2025.pdf
SIMANDIRI/3-sk-hasil-seleksi-simandiri-gelombang-2-tahun-2024-2025.pdf,SIMANDIRI,3. SK HASIL SELEKSI SIMANDIRI GELOMBANG 2 TAHUN 2024-2025,05_Surat Keputusan (SK)/Penerimaan Mahasiswa Baru,05_Surat Keputusan (SK)/Penerimaan Mahasiswa Baru/3-sk-hasil-seleksi-simandiri-gelombang-2-tahun-2024-2025.pdf
SIMANDIRI/3-sk-penetapan-daftar-ulang-simandiri-gel-1-pens-tahun-akademik-2025-2026.pdf,SIMANDIRI,3. SK PENETAPAN DAFTAR ULANG SIMANDIRI GEL 1 PENS TAHUN AKADEMIK 2025-2026,05_Surat Keputusan (SK)/Penerimaan Mahasiswa Baru,05_Surat Keputusan (SK)/Penerimaan Mahasiswa Baru/3-sk-penetapan-daftar-ulang-simandiri-gel-1-pens-tahun-akademik-2025-2026.pdf
SIMANDIRI/3-sk-seleksi-mandiri.pdf,SIMANDIRI,3. SK SELEKSI MANDIRI,05_Surat Keputusan (SK)/Penerimaan Mahasiswa Baru,05_Surat Keputusan (SK)/Penerimaan Mahasiswa Baru/3-sk-seleksi-mandiri.pdf
SIMANDIRI/4-pengumuman-daftar-ulang-simandiri-gelombang-2-tahun-2024-2025.pdf,SIMANDIRI,4. PENGUMUMAN DAFTAR ULANG SIMANDIRI GELOMBANG 2 TAHUN 2024-2025,06_Pengumuman,06_Pengumuman/4-pengumuman-daftar-ulang-simandiri-gelombang-2-tahun-2024-2025.pdf
SIMANDIRI/4-sk-penetapan-ukt-maba-simandiri-gel-1-tahun-akademik-2025-2026.pdf,SIMANDIRI,4. SK PENETAPAN UKT MABA SIMANDIRI GEL 1 TAHUN AKADEMIK 2025-2026,05_Surat Keputusan (SK)/Penerimaan Mahasiswa Baru,05_Surat Keputusan (SK)/Penerimaan Mahasiswa Baru/4-sk-penetapan-ukt-maba-simandiri-gel-1-tahun-akademik-2025-2026.pdf
SIMANDIRI/5-pengumuman-perpanjangan-daftar-ulang-simandiri-gel-1-2.pdf,SIMANDIRI,5. PENGUMUMAN PERPANJANGAN DAFTAR ULANG SIMANDIRI GEL 1-2,06_Pengumuman,06_Pengumuman/5-pengumuman-perpanjangan-daftar-ulang-simandiri-gel-1-2.pdf
SIMANDIRI/5-sk-hasil-simandiri-gelombang-2-pens-tahun-akademik-2025-2026.pdf,SIMANDIRI,5. SK HASIL SIMANDIRI GELOMBANG 2 PENS TAHUN AKADEMIK 2025-2026,05_Surat Keputusan (SK)/Penerimaan Mahasiswa Baru,05_Surat Keputusan (SK)/Penerimaan Mahasiswa Baru/5-sk-hasil-simandiri-gelombang-2-pens-tahun-akademik-2025-2026.pdf
SIMANDIRI/6-pengumuman-cadangan-simandiri-gelombang-2-tahun-2024-2025.pdf,SIMANDIRI,6. PENGUMUMAN CADANGAN SIMANDIRI GELOMBANG 2 TAHUN 2024-2025,06_Pengumuman,06_Pengumuman/6-pengumuman-cadangan-simandiri-gelombang-2-tahun-2024-2025.pdf
SIMANDIRI/6-pengumuman-daftar-ulang-simandiri-gel-2-tahun-akademik-2025-2026.pdf,SIMANDIRI,6. PENGUMUMAN DAFTAR ULANG SIMANDIRI GEL 2 TAHUN AKADEMIK 2025-2026,06_Pengumuman,06_Pengumuman/6-pengumuman-daftar-ulang-simandiri-gel-2-tahun-akademik-2025-2026.pdf
SIMANDIRI/6-sk-hasil-seleksi-simandiri.pdf,SIMANDIRI,6-SK HASIL SELEKSI SIMANDIRI,05_Surat Keputusan (SK)/Penerimaan Mahasiswa Baru,05_Surat Keputusan (SK)/Penerimaan Mahasiswa Baru/6-sk-hasil-seleksi-simandiri.pdf
SIMANDIRI/7-pengumuman-daftar-ulang-cadangan-simandiri-gel-2-pens-tahun-akademik-2025-2026.pdf,SIMANDIRI,7. PENGUMUMAN DAFTAR ULANG CADANGAN SIMANDIRI GEL 2 PENS TAHUN AKADEMIK 2025-2026,06_Pengumuman,06_Pengumuman/7-pengumuman-daftar-ulang-cadangan-simandiri-gel-2-pens-tahun-akademik-2025-2026.pdf
SIMANDIRI/7-sk-hasil-seleksi-simandiri-gel-3-tahun-2024-2025.pdf,SIMANDIRI,7. SK HASIL SELEKSI SIMANDIRI GEL. 3 TAHUN 2024-2025,05_Surat Keputusan (SK)/Penerimaan Mahasiswa Baru,05_Surat Keputusan (SK)/Penerimaan Mahasiswa Baru/7-sk-hasil-seleksi-simandiri-gel-3-tahun-2024-2025.pdf
SIMANDIRI/8-pengumuman-daful-simandiri-gel-3-tahun-2024-2025.pdf,SIMANDIRI,8. PENGUMUMAN DAFUL SIMANDIRI GEL 3 TAHUN 2024-2025,06_Pengumuman,06_Pengumuman/8-pengumuman-daful-simandiri-gel-3-tahun-2024-2025.pdf
SIMANDIRI/8-sk-penetapan-daftar-ulang-maba-simandiri-gel-2-tahun-akademik-2025-2026.pdf,SIMANDIRI,8. SK PENETAPAN DAFTAR ULANG MABA SIMANDIRI GEL 2 TAHUN AKADEMIK 2025-2026,05_Surat Keputusan (SK)/Penerimaan Mahasiswa Baru,05_Surat Keputusan (SK)/Penerimaan Mahasiswa Baru/8-sk-penetapan-daftar-ulang-maba-simandiri-gel-2-tahun-akademik-2025-2026.pdf
SIMANDIRI/9-sk-penetapan-daful-maba-simandiri-gel-1-2-tahun-2024-2025.pdf,SIMANDIRI,9. SK PENETAPAN DAFUL MABA SIMANDIRI GEL 1-2 TAHUN 2024-2025,05_Surat Keputusan (SK)/Penerimaan Mahasiswa Baru,05_Surat Keputusan (SK)/Penerimaan Mahasiswa Baru/9-sk-penetapan-daful-maba-simandiri-gel-1-2-tahun-2024-2025.pdf
SIMANDIRI/9-sk-penetapan-ukt-maba-simandiri-gel-2-tahun-akademik-2025-2026.pdf,SIMANDIRI,9. SK PENETAPAN UKT MABA SIMANDIRI GEL 2 TAHUN AKADEMIK 2025-2026,05_Surat Keputusan (SK)/Penerimaan Mahasiswa Baru,05_Surat Keputusan (SK)/Penerimaan Mahasiswa Baru/9-sk-penetapan-ukt-maba-simandiri-gel-2-tahun-akademik-2025-2026.pdf
SIMANDIRI/pengumuman-daftar-ulang-cadangan-simandiri-gel-iii-tahun-akademik-2023-2024.pdf,SIMANDIRI,PENGUMUMAN DAFTAR ULANG CADANGAN SIMANDIRI GEL III TAHUN AKADEMIK 2023-2024,06_Pengumuman,06_Pengumuman/pengumuman-daftar-ulang-cadangan-simandiri-gel-iii-tahun-akademik-2023-2024.pdf
SIMANDIRI/pengumuman-daftar-ulang-cadangan-simandiri-gelombang-i-tahun-akademik-2023-2024.pdf,SIMANDIRI,PENGUMUMAN DAFTAR ULANG CADANGAN SIMANDIRI GELOMBANG I TAHUN AKADEMIK 2023-2024,06_Pengumuman,06_Pengumuman/pengumuman-daftar-ulang-cadangan-simandiri-gelombang-i-tahun-akademik-2023-2024.pdf
SIMANDIRI/pengumuman-daftar-ulang-cadangan-simandiri-gelombang-ii-tahun-akademik-2023-2024.pdf,SIMANDIRI,PENGUMUMAN DAFTAR ULANG CADANGAN SIMANDIRI GELOMBANG II TAHUN AKADEMIK 2023-2024,06_Pengumuman,06_Pengumuman/pengumuman-daftar-ulang-cadangan-simandiri-gelombang-ii-tahun-akademik-2023-2024.pdf
SIMANDIRI/sk-hasil-seleksi-simandiri-2022-2023.pdf,SIMANDIRI,SK HASIL SELEKSI SIMANDIRI 2022-2023,05_Surat Keputusan (SK)/Penerimaan Mahasiswa Baru,05_Surat Keputusan (SK)/Penerimaan Mahasiswa Baru/sk-hasil-seleksi-simandiri-2022-2023.pdf
SIMANDIRI/sk-hasil-seleksi-simandiri-gelombang-1-tahun-akademik-2023-2024.pdf,SIMANDIRI,SK HASIL SELEKSI SIMANDIRI GELOMBANG 1 TAHUN AKADEMIK 2023-2024,05_Surat Keputusan (SK)/Penerimaan Mahasiswa Baru,05_Surat Keputusan (SK)/Penerimaan Mahasiswa Baru/sk-hasil-seleksi-simandiri-gelombang-1-tahun-akademik-2023-2024.pdf
SIMANDIRI/sk-hasil-seleksi-simandiri-gelombang-ii-tahun-akademik-2023-2024.pdf,SIMANDIRI,SK HASIL SELEKSI SIMANDIRI GELOMBANG II TAHUN AKADEMIK 2023-2024,05_Surat Keputusan (SK)/Penerimaan Mahasiswa Baru,05_Surat Keputusan (SK)/Penerimaan Mahasiswa Baru/sk-hasil-seleksi-simandiri-gelombang-ii-tahun-akademik-2023-2024.pdf
SIMANDIRI/sk-hasil-seleksi-simandiri-gelombang-iii-tahun-akademik-2023-2024.pdf,SIMANDIRI,SK HASIL SELEKSI SIMANDIRI GELOMBANG III TAHUN AKADEMIK 2023-2024,05_Surat Keputusan (SK)/Penerimaan Mahasiswa Baru,05_Surat Keputusan (SK)/Penerimaan Mahasiswa Baru/sk-hasil-seleksi-simandiri-gelombang-iii-tahun-akademik-2023-2024.pdf
SIMANDIRI/sk-penetapan-daftar-ulang-jalur-simandiri-program-sarjana-terapan-dan-diploma-3-tahun-akademik-2022-2023.pdf,SIMANDIRI,SK PENETAPAN DAFTAR ULANG JALUR SIMANDIRI PROGRAM SARJANA TERAPAN DAN DIPLOMA 3 TAHUN AKADEMIK 2022-2023,05_Surat Keputusan (SK)/Penerimaan Mahasiswa Baru,05_Surat Keputusan (SK)/Penerimaan Mahasiswa Baru/sk-penetapan-daftar-ulang-jalur-simandiri-program-sarjana-terapan-dan-diploma-3-tahun-akademik-2022-2023.pdf
SIMANDIRI/sk-penetapan-daftar-ulang-simandiri-tahun-akademik-2023-2024.pdf,SIMANDIRI,SK PENETAPAN DAFTAR ULANG SIMANDIRI TAHUN AKADEMIK 2023-2024,05_Surat Keputusan (SK)/Penerimaan Mahasiswa Baru,05_Surat Keputusan (SK)/Penerimaan Mahasiswa Baru/sk-penetapan-daftar-ulang-simandiri-tahun-akademik-2023-2024.pdf
SIMANDIRI/sk-seleksi-simandiri-2021-2022.pdf,SIMANDIRI,SK SELEKSI SIMANDIRI 2021-2022,05_Surat Keputusan (SK)/Penerimaan Mahasiswa Baru,05_Surat Keputusan (SK)/Penerimaan Mahasiswa Baru/sk-seleksi-simandiri-2021-2022.pdf
SK Penataan/1991-sk-penataaan-politeknik-dalam-lingkungan-d3-listrik-elka-telkom.pdf,SK Penataan,"1991 - SK - PENATAAAN POLITEKNIK DALAM LINGKUNGAN D3 Listrik, elka, telkom",05_Surat Keputusan (SK)/Pendirian & Izin Program Studi,05_Surat Keputusan (SK)/Pendirian & Izin Program Studi/1991-sk-penataaan-politeknik-dalam-lingkungan-d3-listrik-elka-telkom.pdf
SK Penataan/2007-sk-penataan-dan-penetapan-kembali-ijin-penyelengaraan-elkatelkom-listrik.pdf,SK Penataan,"2007 - SK - Penataan dan Penetapan Kembali Ijin Penyelengaraan (Elka,Telkom, Listrik)",05_Surat Keputusan (SK)/Pendirian & Izin Program Studi,05_Surat Keputusan (SK)/Pendirian & Izin Program Studi/2007-sk-penataan-dan-penetapan-kembali-ijin-penyelengaraan-elkatelkom-listrik.pdf
SKEM/pedoman-pelaksanaan-skem-pjj.pdf,SKEM,Pedoman Pelaksanaan SKEM - PJJ,11_Panduan & Pedoman,11_Panduan & Pedoman/pedoman-pelaksanaan-skem-pjj.pdf
SKEM/pedoman-pelaksanaan-skem-reguler.pdf,SKEM,Pedoman Pelaksanaan SKEM - Reguler,11_Panduan & Pedoman,11_Panduan & Pedoman/pedoman-pelaksanaan-skem-reguler.pdf
SNBP/1-pengumuman-hasil-snbp-pens-tahun-2025.pdf,SNBP,1. PENGUMUMAN HASIL SNBP PENS TAHUN 2025,06_Pengumuman,06_Pengumuman/1-pengumuman-hasil-snbp-pens-tahun-2025.pdf
SNBP/2-pengumuman-daftar-ulang-maba-snbp-pens-tahun-akademik-2025-2026.pdf,SNBP,2. PENGUMUMAN DAFTAR ULANG MABA SNBP PENS TAHUN AKADEMIK 2025-2026,06_Pengumuman,06_Pengumuman/2-pengumuman-daftar-ulang-maba-snbp-pens-tahun-akademik-2025-2026.pdf
SNBP/3-sk-hasil-snbp-tahun-2025.pdf,SNBP,3. SK HASIL SNBP TAHUN 2025,05_Surat Keputusan (SK)/Penerimaan Mahasiswa Baru,05_Surat Keputusan (SK)/Penerimaan Mahasiswa Baru/3-sk-hasil-snbp-tahun-2025.pdf
SNBP/3-sk-penetapan-hasil-snbp-pens-tahun-2026-2027.pdf,SNBP,3. SK PENETAPAN HASIL SNBP PENS TAHUN 2026-2027,05_Surat Keputusan (SK)/Penerimaan Mahasiswa Baru,05_Surat Keputusan (SK)/Penerimaan Mahasiswa Baru/3-sk-penetapan-hasil-snbp-pens-tahun-2026-2027.pdf
SNBP/4-sk-penetapan-daftar-ulang-maba-snbp-pens-tahun-akademik-2025-2026.pdf,SNBP,4. SK PENETAPAN DAFTAR ULANG MABA SNBP PENS TAHUN AKADEMIK 2025-2026,05_Surat Keputusan (SK)/Penerimaan Mahasiswa Baru,05_Surat Keputusan (SK)/Penerimaan Mahasiswa Baru/4-sk-penetapan-daftar-ulang-maba-snbp-pens-tahun-akademik-2025-2026.pdf
SNBP/4-sk-penetapan-daful-maba-snbp-pens-tahun-2026-2027.pdf,SNBP,4. SK PENETAPAN DAFUL MABA SNBP PENS TAHUN 2026-2027,05_Surat Keputusan (SK)/Penerimaan Mahasiswa Baru,05_Surat Keputusan (SK)/Penerimaan Mahasiswa Baru/4-sk-penetapan-daful-maba-snbp-pens-tahun-2026-2027.pdf
SNBP/5-sk-penetapan-ukt-maba-snbp-2025-2026.pdf,SNBP,5. SK PENETAPAN UKT MABA SNBP 2025-2026,05_Surat Keputusan (SK)/Penerimaan Mahasiswa Baru,05_Surat Keputusan (SK)/Penerimaan Mahasiswa Baru/5-sk-penetapan-ukt-maba-snbp-2025-2026.pdf
SNBP/pengumuman-daftar-ulang-snbp-2024.pdf,SNBP,PENGUMUMAN DAFTAR ULANG SNBP 2024,06_Pengumuman,06_Pengumuman/pengumuman-daftar-ulang-snbp-2024.pdf
SNBP/pengumuman-daftar-ulang-snbp-2025-2026.pdf,SNBP,PENGUMUMAN DAFTAR ULANG SNBP 2025-2026,06_Pengumuman,06_Pengumuman/pengumuman-daftar-ulang-snbp-2025-2026.pdf
SNBP/pengumuman-hasil-seleksi-snbp-tahun-akademik-2024-2025.pdf,SNBP,PENGUMUMAN HASIL SELEKSI SNBP TAHUN AKADEMIK 2024-2025,06_Pengumuman,06_Pengumuman/pengumuman-hasil-seleksi-snbp-tahun-akademik-2024-2025.pdf
SNBP/sk-daftar-ulang-snbp-tahun-akademik-2023-2024.pdf,SNBP,SK DAFTAR ULANG SNBP TAHUN AKADEMIK 2023-2024,05_Surat Keputusan (SK)/Penerimaan Mahasiswa Baru,05_Surat Keputusan (SK)/Penerimaan Mahasiswa Baru/sk-daftar-ulang-snbp-tahun-akademik-2023-2024.pdf
SNBP/sk-hasil-seleksi-snbp-tahun-akademik-2023-2024.pdf,SNBP,SK HASIL SELEKSI SNBP TAHUN AKADEMIK 2023-2024,05_Surat Keputusan (SK)/Penerimaan Mahasiswa Baru,05_Surat Keputusan (SK)/Penerimaan Mahasiswa Baru/sk-hasil-seleksi-snbp-tahun-akademik-2023-2024.pdf
SNBP/sk-hasil-seleksi-snbp-tahun-akademik-2024-2025.pdf,SNBP,SK HASIL SELEKSI SNBP TAHUN AKADEMIK 2024-2025,05_Surat Keputusan (SK)/Penerimaan Mahasiswa Baru,05_Surat Keputusan (SK)/Penerimaan Mahasiswa Baru/sk-hasil-seleksi-snbp-tahun-akademik-2024-2025.pdf
SNBP/sk-penetapan-daftar-ulang-snbp-tahun-akademik-2024-2025.pdf,SNBP,SK PENETAPAN DAFTAR ULANG SNBP TAHUN AKADEMIK 2024-2025,05_Surat Keputusan (SK)/Penerimaan Mahasiswa Baru,05_Surat Keputusan (SK)/Penerimaan Mahasiswa Baru/sk-penetapan-daftar-ulang-snbp-tahun-akademik-2024-2025.pdf
SNBT/1-pengumuman-hasil-snbt-pens-tahun-akademik-2025-2026.pdf,SNBT,1. PENGUMUMAN HASIL SNBT PENS TAHUN AKADEMIK 2025-2026,06_Pengumuman,06_Pengumuman/1-pengumuman-hasil-snbt-pens-tahun-akademik-2025-2026.pdf
SNBT/1-pengumuman-hasil-snbt-tahun-2024.pdf,SNBT,1. PENGUMUMAN HASIL SNBT TAHUN 2024,06_Pengumuman,06_Pengumuman/1-pengumuman-hasil-snbt-tahun-2024.pdf
SNBT/2-pengumuman-daftar-ulang-snbt-tahun-2024.pdf,SNBT,2. PENGUMUMAN DAFTAR ULANG SNBT TAHUN 2024,06_Pengumuman,06_Pengumuman/2-pengumuman-daftar-ulang-snbt-tahun-2024.pdf
SNBT/2-pengumuman-daftar-ulang-snbt-tahun-2025.pdf,SNBT,2. PENGUMUMAN DAFTAR ULANG SNBT TAHUN 2025,06_Pengumuman,06_Pengumuman/2-pengumuman-daftar-ulang-snbt-tahun-2025.pdf
SNBT/3-sk-hasil-seleksi-snbt-tahun-akademik-2024-2025.pdf,SNBT,3. SK HASIL SELEKSI SNBT TAHUN AKADEMIK 2024-2025,05_Surat Keputusan (SK)/Penerimaan Mahasiswa Baru,05_Surat Keputusan (SK)/Penerimaan Mahasiswa Baru/3-sk-hasil-seleksi-snbt-tahun-akademik-2024-2025.pdf
SNBT/3-sk-hasil-snbt-pens-tahun-akademik-2025-2026.pdf,SNBT,3. SK HASIL SNBT PENS TAHUN AKADEMIK 2025-2026,05_Surat Keputusan (SK)/Penerimaan Mahasiswa Baru,05_Surat Keputusan (SK)/Penerimaan Mahasiswa Baru/3-sk-hasil-snbt-pens-tahun-akademik-2025-2026.pdf
SNBT/4-sk-penetapan-daftar-ulang-maba-snbt-pens-tahun-2025-2026.pdf,SNBT,4. SK PENETAPAN DAFTAR ULANG MABA SNBT PENS TAHUN 2025-2026,05_Surat Keputusan (SK)/Penerimaan Mahasiswa Baru,05_Surat Keputusan (SK)/Penerimaan Mahasiswa Baru/4-sk-penetapan-daftar-ulang-maba-snbt-pens-tahun-2025-2026.pdf
SNBT/4-sk-penetapan-daful-maba-snbt-tahun-2024-2025.pdf,SNBT,4. SK PENETAPAN DAFUL MABA SNBT TAHUN 2024-2025,05_Surat Keputusan (SK)/Penerimaan Mahasiswa Baru,05_Surat Keputusan (SK)/Penerimaan Mahasiswa Baru/4-sk-penetapan-daful-maba-snbt-tahun-2024-2025.pdf
SNBT/5-sk-penetapan-ukt-maba-snbt-pens-tahun-akademik-2025-2026.pdf,SNBT,5. SK PENETAPAN UKT MABA SNBT PENS TAHUN AKADEMIK 2025-2026,05_Surat Keputusan (SK)/Penerimaan Mahasiswa Baru,05_Surat Keputusan (SK)/Penerimaan Mahasiswa Baru/5-sk-penetapan-ukt-maba-snbt-pens-tahun-akademik-2025-2026.pdf
SNBT/penetapan-daftar-ulang-maba-snbt-pens-tahun-akademik-2026-2027.pdf,SNBT,PENETAPAN DAFTAR ULANG MABA SNBT PENS TAHUN AKADEMIK 2026-2027,05_Surat Keputusan (SK)/Penerimaan Mahasiswa Baru,05_Surat Keputusan (SK)/Penerimaan Mahasiswa Baru/penetapan-daftar-ulang-maba-snbt-pens-tahun-akademik-2026-2027.pdf
SNBT/registrasi-mahasiswa-baru-tahun-akademik-2026-2027.pdf,SNBT,REGISTRASI MAHASISWA BARU TAHUN AKADEMIK 2026-2027,06_Pengumuman,06_Pengumuman/registrasi-mahasiswa-baru-tahun-akademik-2026-2027.pdf
SNBT/sk-hasil-seleksi-penerimaan-mahasiswa-baru-jalur-snbt-2023.pdf,SNBT,SK HASIL SELEKSI PENERIMAAN MAHASISWA BARU JALUR SNBT 2023,05_Surat Keputusan (SK)/Penerimaan Mahasiswa Baru,05_Surat Keputusan (SK)/Penerimaan Mahasiswa Baru/sk-hasil-seleksi-penerimaan-mahasiswa-baru-jalur-snbt-2023.pdf
SNBT/sk-penetapan-daftar-ulang-snbt-tahun-akademik-2023-2024.pdf,SNBT,SK PENETAPAN DAFTAR ULANG SNBT TAHUN AKADEMIK 2023-2024,05_Surat Keputusan (SK)/Penerimaan Mahasiswa Baru,05_Surat Keputusan (SK)/Penerimaan Mahasiswa Baru/sk-penetapan-daftar-ulang-snbt-tahun-akademik-2023-2024.pdf
SNBT/sk-penetapan-snbt-2026-1.pdf,SNBT,SK PENETAPAN SNBT 2026 (1),05_Surat Keputusan (SK)/Penerimaan Mahasiswa Baru,05_Surat Keputusan (SK)/Penerimaan Mahasiswa Baru/sk-penetapan-snbt-2026-1.pdf
SNMPN - SBMPN/5-sk-hasil-seleksi-snmpn-2.pdf,SNMPN - SBMPN,5-SK HASIL SELEKSI SNMPN,05_Surat Keputusan (SK)/Penerimaan Mahasiswa Baru,05_Surat Keputusan (SK)/Penerimaan Mahasiswa Baru/5-sk-hasil-seleksi-snmpn-2.pdf
SNMPN - SBMPN/sk-hasil-sbmpn-2021.pdf,SNMPN - SBMPN,SK HASIL SBMPN 2021,05_Surat Keputusan (SK)/Penerimaan Mahasiswa Baru,05_Surat Keputusan (SK)/Penerimaan Mahasiswa Baru/sk-hasil-sbmpn-2021.pdf
SNMPN - SBMPN/sk-hasil-seleksi-sbmpn.pdf,SNMPN - SBMPN,SK HASIL SELEKSI SBMPN,05_Surat Keputusan (SK)/Penerimaan Mahasiswa Baru,05_Surat Keputusan (SK)/Penerimaan Mahasiswa Baru/sk-hasil-seleksi-sbmpn.pdf
SNMPN - SBMPN/sk-hasil-snmpn-2022-2023.pdf,SNMPN - SBMPN,SK HASIL SNMPN 2022-2023,05_Surat Keputusan (SK)/Penerimaan Mahasiswa Baru,05_Surat Keputusan (SK)/Penerimaan Mahasiswa Baru/sk-hasil-snmpn-2022-2023.pdf
SNMPN/1-sk-hasil-seleksi-snmpn-2020.pdf,SNMPN,1. SK HASIL SELEKSI SNMPN 2020,05_Surat Keputusan (SK)/Penerimaan Mahasiswa Baru,05_Surat Keputusan (SK)/Penerimaan Mahasiswa Baru/1-sk-hasil-seleksi-snmpn-2020.pdf
SNMPTN - SBMPTN/sk-hasil-penerimaan-snmptn-2.pdf,SNMPTN - SBMPTN,SK HASIL PENERIMAAN SNMPTN,05_Surat Keputusan (SK)/Penerimaan Mahasiswa Baru,05_Surat Keputusan (SK)/Penerimaan Mahasiswa Baru/sk-hasil-penerimaan-snmptn-2.pdf
SNMPTN - SBMPTN/sk-hasil-sbmptn-2021.pdf,SNMPTN - SBMPTN,SK HASIL SBMPTN 2021,05_Surat Keputusan (SK)/Penerimaan Mahasiswa Baru,05_Surat Keputusan (SK)/Penerimaan Mahasiswa Baru/sk-hasil-sbmptn-2021.pdf
SNMPTN/sk-hasil-snmptn-2022-2023.pdf,SNMPTN,SK HASIL SNMPTN 2022-2023,05_Surat Keputusan (SK)/Penerimaan Mahasiswa Baru,05_Surat Keputusan (SK)/Penerimaan Mahasiswa Baru/sk-hasil-snmptn-2022-2023.pdf
SNMPTN/sk-penetapan-daftar-ulang-jalur-snmptn-tahun-akademik-2022-2023.pdf,SNMPTN,SK PENETAPAN DAFTAR ULANG JALUR SNMPTN TAHUN AKADEMIK 2022-2023,05_Surat Keputusan (SK)/Penerimaan Mahasiswa Baru,05_Surat Keputusan (SK)/Penerimaan Mahasiswa Baru/sk-penetapan-daftar-ulang-jalur-snmptn-tahun-akademik-2022-2023.pdf
Sains Data Terapan/096-skm-politeknik-elektronika-negeri-surabaya-sains-data-terapan.pdf,Sains Data Terapan,096. SKM POLITEKNIK ELEKTRONIKA NEGERI SURABAYA SAINS DATA TERAPAN,05_Surat Keputusan (SK)/Akreditasi & Sertifikat Akreditasi,05_Surat Keputusan (SK)/Akreditasi & Sertifikat Akreditasi/096-skm-politeknik-elektronika-negeri-surabaya-sains-data-terapan.pdf
Sains Data Terapan/2023-sertifikat-akreditasi-str-sains-data-terapan.pdf,Sains Data Terapan,2023 - Sertifikat Akreditasi STr Sains Data Terapan,05_Surat Keputusan (SK)/Akreditasi & Sertifikat Akreditasi,05_Surat Keputusan (SK)/Akreditasi & Sertifikat Akreditasi/2023-sertifikat-akreditasi-str-sains-data-terapan.pdf
Sains Data Terapan/sk-ban-pt-sarjana-terapan-sdt-2022-2027.pdf,Sains Data Terapan,SK BAN-PT Sarjana Terapan SDT (2022-2027),05_Surat Keputusan (SK)/Akreditasi & Sertifikat Akreditasi,05_Surat Keputusan (SK)/Akreditasi & Sertifikat Akreditasi/sk-ban-pt-sarjana-terapan-sdt-2022-2027.pdf
Sains Data Terapan/sk-pendirian-sdt-2021-2.pdf,Sains Data Terapan,SK-PENDIRIAN-SDT-2021,05_Surat Keputusan (SK)/Pendirian & Izin Program Studi,05_Surat Keputusan (SK)/Pendirian & Izin Program Studi/sk-pendirian-sdt-2021-2.pdf
Sistem Pembangkit Energi/pendirian-prodi-d4-spe.pdf,Sistem Pembangkit Energi,Pendirian Prodi D4 SPE,05_Surat Keputusan (SK)/Pendirian & Izin Program Studi,05_Surat Keputusan (SK)/Pendirian & Izin Program Studi/pendirian-prodi-d4-spe.pdf
Sistem Pembangkit Energi/perpanjangan-akreditasi-otomatis-14.pdf,Sistem Pembangkit Energi,Perpanjangan Akreditasi Otomatis,03_Peraturan & Keputusan Menteri,03_Peraturan & Keputusan Menteri/perpanjangan-akreditasi-otomatis-14.pdf
Sistem Pembangkit Energi/sertifikat-akreditasi-d4-spe-perpanjangan.pdf,Sistem Pembangkit Energi,Sertifikat Akreditasi D4 SPE-Perpanjangan,05_Surat Keputusan (SK)/Akreditasi & Sertifikat Akreditasi,05_Surat Keputusan (SK)/Akreditasi & Sertifikat Akreditasi/sertifikat-akreditasi-d4-spe-perpanjangan.pdf
Sistem Pembangkit Energi/sk-akreditasi_lam-teknik_str-spe_21-desember-2024-20-desember-2029.pdf,Sistem Pembangkit Energi,SK Akreditasi_LAM Teknik_STr SPE_21 Desember 2024-20 Desember 2029,05_Surat Keputusan (SK)/Akreditasi & Sertifikat Akreditasi,05_Surat Keputusan (SK)/Akreditasi & Sertifikat Akreditasi/sk-akreditasi_lam-teknik_str-spe_21-desember-2024-20-desember-2029.pdf
Sistem Pembangkit Energi/sk-ban-pt-d4-sistempembangkitenergi-01-des-2016-01-des-2021.pdf,Sistem Pembangkit Energi,SK-BAN-PT-D4-SistemPembangkitEnergi 01 Des 2016 - 01 Des 2021,05_Surat Keputusan (SK)/Akreditasi & Sertifikat Akreditasi,05_Surat Keputusan (SK)/Akreditasi & Sertifikat Akreditasi/sk-ban-pt-d4-sistempembangkitenergi-01-des-2016-01-des-2021.pdf
Sistem Pembangkit Energi/sk-d4-spe-aps.pdf,Sistem Pembangkit Energi,SK D4 SPE-APS,05_Surat Keputusan (SK)/Akreditasi & Sertifikat Akreditasi,05_Surat Keputusan (SK)/Akreditasi & Sertifikat Akreditasi/sk-d4-spe-aps.pdf
Sistem Siber Fisik/2024-sk-kemendikbudristek-prodi-doktor.pdf,Sistem Siber Fisik,2024-SK Kemendikbudristek Prodi Doktor,03_Peraturan & Keputusan Menteri,03_Peraturan & Keputusan Menteri/2024-sk-kemendikbudristek-prodi-doktor.pdf
Standar Pelayanan Public/daftar-legalisir-ijazah.pdf,Standar Pelayanan Public,Daftar Legalisir Ijazah,"14_SOP, POB & Standar Pelayanan","14_SOP, POB & Standar Pelayanan/daftar-legalisir-ijazah.pdf"
Standar Pelayanan Public/daftar-ulang-maba.pdf,Standar Pelayanan Public,Daftar Ulang MABA,"14_SOP, POB & Standar Pelayanan","14_SOP, POB & Standar Pelayanan/daftar-ulang-maba.pdf"
Standar Pelayanan Public/daftar-ulang-mahasiswa-lama.pdf,Standar Pelayanan Public,Daftar Ulang Mahasiswa Lama,"14_SOP, POB & Standar Pelayanan","14_SOP, POB & Standar Pelayanan/daftar-ulang-mahasiswa-lama.pdf"
Standar Pelayanan Public/sk-kompensasi-penerima-layanan.pdf,Standar Pelayanan Public,SK kompensasi penerima layanan,05_Surat Keputusan (SK)/Lainnya,05_Surat Keputusan (SK)/Lainnya/sk-kompensasi-penerima-layanan.pdf
Standar Pelayanan Public/sk-standard-pelayanan-final.pdf,Standar Pelayanan Public,SK STANDARD PELAYANAN [final],05_Surat Keputusan (SK)/Lainnya,05_Surat Keputusan (SK)/Lainnya/sk-standard-pelayanan-final.pdf
Standar Pelayanan Public/spp-aktif-dari-cuti.pdf,Standar Pelayanan Public,SPP Aktif dari Cuti,"14_SOP, POB & Standar Pelayanan","14_SOP, POB & Standar Pelayanan/spp-aktif-dari-cuti.pdf"
Standar Pelayanan Public/spp-cetak-ulang-rapor.pdf,Standar Pelayanan Public,SPP Cetak ulang rapor,"14_SOP, POB & Standar Pelayanan","14_SOP, POB & Standar Pelayanan/spp-cetak-ulang-rapor.pdf"
Standar Pelayanan Public/spp-cuti.pdf,Standar Pelayanan Public,SPP Cuti,"14_SOP, POB & Standar Pelayanan","14_SOP, POB & Standar Pelayanan/spp-cuti.pdf"
Standar Pelayanan Public/spp-pembuatan-smart-card.pdf,Standar Pelayanan Public,SPP pembuatan smart card,"14_SOP, POB & Standar Pelayanan","14_SOP, POB & Standar Pelayanan/spp-pembuatan-smart-card.pdf"
Standar Pelayanan Public/spp-pembuatan-surat-keterangan-aktif.pdf,Standar Pelayanan Public,SPP Pembuatan surat keterangan aktif,"14_SOP, POB & Standar Pelayanan","14_SOP, POB & Standar Pelayanan/spp-pembuatan-surat-keterangan-aktif.pdf"
Standar Pelayanan Public/spp-pendaftaran-wisuda.pdf,Standar Pelayanan Public,SPP Pendaftaran Wisuda,"14_SOP, POB & Standar Pelayanan","14_SOP, POB & Standar Pelayanan/spp-pendaftaran-wisuda.pdf"
Standar Pelayanan Public/spp-penerimaan-kunjungan.pdf,Standar Pelayanan Public,SPP Penerimaan kunjungan,"14_SOP, POB & Standar Pelayanan","14_SOP, POB & Standar Pelayanan/spp-penerimaan-kunjungan.pdf"
Standar Pelayanan Public/spp-pengambilan-transkripi.pdf,Standar Pelayanan Public,SPP Pengambilan Transkripi,"14_SOP, POB & Standar Pelayanan","14_SOP, POB & Standar Pelayanan/spp-pengambilan-transkripi.pdf"
Standar Pelayanan Public/spp-pengantar-kehilangan-ktm.pdf,Standar Pelayanan Public,SPP Pengantar kehilangan KTM,"14_SOP, POB & Standar Pelayanan","14_SOP, POB & Standar Pelayanan/spp-pengantar-kehilangan-ktm.pdf"
Standar Pelayanan Public/spp-pmb-lj.pdf,Standar Pelayanan Public,SPP PMB LJ,"14_SOP, POB & Standar Pelayanan","14_SOP, POB & Standar Pelayanan/spp-pmb-lj.pdf"
Standar Pelayanan Public/spp-pmb-mandiri.pdf,Standar Pelayanan Public,SPP PMB Mandiri,"14_SOP, POB & Standar Pelayanan","14_SOP, POB & Standar Pelayanan/spp-pmb-mandiri.pdf"
Standar Pelayanan Public/spp-pmb-pasca.pdf,Standar Pelayanan Public,SPP PMB PASCA,"14_SOP, POB & Standar Pelayanan","14_SOP, POB & Standar Pelayanan/spp-pmb-pasca.pdf"
Standar Pelayanan Public/spp-pmb-pmdk.pdf,Standar Pelayanan Public,SPP PMB PMDK,"14_SOP, POB & Standar Pelayanan","14_SOP, POB & Standar Pelayanan/spp-pmb-pmdk.pdf"
Standar Pelayanan Public/spp-pmb-umpn.pdf,Standar Pelayanan Public,SPP PMB UMPN,"14_SOP, POB & Standar Pelayanan","14_SOP, POB & Standar Pelayanan/spp-pmb-umpn.pdf"
Standar Pelayanan Public/spp-prosesi-wisuda.pdf,Standar Pelayanan Public,SPP Prosesi Wisuda,"14_SOP, POB & Standar Pelayanan","14_SOP, POB & Standar Pelayanan/spp-prosesi-wisuda.pdf"
Standar Pelayanan Public/standar-pelayanan-ligalisir.pdf,Standar Pelayanan Public,STANDAR PELAYANAN LIGALISIR,"14_SOP, POB & Standar Pelayanan","14_SOP, POB & Standar Pelayanan/standar-pelayanan-ligalisir.pdf"
Standar Pelayanan Public/standar-pelayanan-pembuatan-surat-keterangan-mahasiswa-aktif.pdf,Standar Pelayanan Public,STANDAR PELAYANAN PEMBUATAN SURAT KETERANGAN MAHASISWA AKTIF,"14_SOP, POB & Standar Pelayanan","14_SOP, POB & Standar Pelayanan/standar-pelayanan-pembuatan-surat-keterangan-mahasiswa-aktif.pdf"
Standar Pelayanan Public/standar-pelayanan-publik-pens-final.pdf,Standar Pelayanan Public,Standar Pelayanan Publik PENS Final,"14_SOP, POB & Standar Pelayanan","14_SOP, POB & Standar Pelayanan/standar-pelayanan-publik-pens-final.pdf"
Statuta/permendiktisaintek-tentang-statuta-pens.pdf,Statuta,Permendiktisaintek Tentang Statuta PENS,02_Statuta,02_Statuta/permendiktisaintek-tentang-statuta-pens.pdf
Statuta/statuta-pens-2.pdf,Statuta,Statuta PENS,02_Statuta,02_Statuta/statuta-pens-2.pdf
Surat Keputusan/sk-visi-misi-pens-emerging-31-mei-2012.pdf,Surat Keputusan,SK Visi Misi PENS Emerging 31 Mei 2012,05_Surat Keputusan (SK)/Lainnya,05_Surat Keputusan (SK)/Lainnya/sk-visi-misi-pens-emerging-31-mei-2012.pdf
Teknik Elektro/akreditasi-s2-teknik-elektro-3.pdf,Teknik Elektro,Akreditasi S2 Teknik Elektro,05_Surat Keputusan (SK)/Akreditasi & Sertifikat Akreditasi,05_Surat Keputusan (SK)/Akreditasi & Sertifikat Akreditasi/akreditasi-s2-teknik-elektro-3.pdf
Teknik Elektro/perpanjangan-akreditasi-otomatis.pdf,Teknik Elektro,Perpanjangan Akreditasi Otomatis,03_Peraturan & Keputusan Menteri,03_Peraturan & Keputusan Menteri/perpanjangan-akreditasi-otomatis.pdf
Teknik Elektro/sertifikat-akreditasi-s2-teknik-elektro-2023-unggul.pdf,Teknik Elektro,Sertifikat Akreditasi S2 Teknik Elektro - 2023 - UNGGUL,05_Surat Keputusan (SK)/Akreditasi & Sertifikat Akreditasi,05_Surat Keputusan (SK)/Akreditasi & Sertifikat Akreditasi/sertifikat-akreditasi-s2-teknik-elektro-2023-unggul.pdf
Teknik Elektro/sk-akreditasi-s2-teknik-elektro-2023-unggul.pdf,Teknik Elektro,SK AKREDITASI S2 Teknik Elektro - 2023 - UNGGUL,05_Surat Keputusan (SK)/Akreditasi & Sertifikat Akreditasi,05_Surat Keputusan (SK)/Akreditasi & Sertifikat Akreditasi/sk-akreditasi-s2-teknik-elektro-2023-unggul.pdf
Teknik Elektro/surat-keterangan.pdf,Teknik Elektro,Surat Keterangan,"08_Surat (Keterangan, Pernyataan, Permohonan)","08_Surat (Keterangan, Pernyataan, Permohonan)/surat-keterangan.pdf"
Teknik Informatika dan Komputer/2023-sertifikat-akreditasi-s2-teknik-informatika-dan-komputer.pdf,Teknik Informatika dan Komputer,2023-Sertifikat Akreditasi S2 Teknik Informatika dan Komputer,05_Surat Keputusan (SK)/Akreditasi & Sertifikat Akreditasi,05_Surat Keputusan (SK)/Akreditasi & Sertifikat Akreditasi/2023-sertifikat-akreditasi-s2-teknik-informatika-dan-komputer.pdf
Teknik Informatika dan Komputer/akreditasi-s2-teknik-informatika-dan-komputer.pdf,Teknik Informatika dan Komputer,Akreditasi S2 Teknik Informatika dan Komputer,05_Surat Keputusan (SK)/Akreditasi & Sertifikat Akreditasi,05_Surat Keputusan (SK)/Akreditasi & Sertifikat Akreditasi/akreditasi-s2-teknik-informatika-dan-komputer.pdf
Teknik Informatika dan Komputer/perpanjangan-akreditasi-otomatis-2.pdf,Teknik Informatika dan Komputer,Perpanjangan Akreditasi Otomatis,03_Peraturan & Keputusan Menteri,03_Peraturan & Keputusan Menteri/perpanjangan-akreditasi-otomatis-2.pdf
Teknik Informatika dan Komputer/sertifikat-akreditasi-magister-terapan-teknik-informatika-dan-komputer-2025-2030-lam-infokom.pdf,Teknik Informatika dan Komputer,Sertifikat Akreditasi Magister Terapan Teknik Informatika dan Komputer (2025-2030) LAM INFOKOM,05_Surat Keputusan (SK)/Akreditasi & Sertifikat Akreditasi,05_Surat Keputusan (SK)/Akreditasi & Sertifikat Akreditasi/sertifikat-akreditasi-magister-terapan-teknik-informatika-dan-komputer-2025-2030-lam-infokom.pdf
Teknik Informatika dan Komputer/sk-akreditasi-magister-terapan-teknik-informatika-dan-komputer-2025-2030-lam-infokom.pdf,Teknik Informatika dan Komputer,SK Akreditasi Magister Terapan Teknik Informatika dan Komputer (2025-2030) LAM INFOKOM,05_Surat Keputusan (SK)/Akreditasi & Sertifikat Akreditasi,05_Surat Keputusan (SK)/Akreditasi & Sertifikat Akreditasi/sk-akreditasi-magister-terapan-teknik-informatika-dan-komputer-2025-2030-lam-infokom.pdf
Teknik Informatika dan Komputer/sk-ban-pt-s2-tik-2022-2027.pdf,Teknik Informatika dan Komputer,SK BAN-PT S2 TIK (2022-2027),05_Surat Keputusan (SK)/Akreditasi & Sertifikat Akreditasi,05_Surat Keputusan (SK)/Akreditasi & Sertifikat Akreditasi/sk-ban-pt-s2-tik-2022-2027.pdf
Teknik Informatika dan Komputer/sk-s2-teknik-informatika-dan-komputer-2023.pdf,Teknik Informatika dan Komputer,SK S2 Teknik Informatika dan Komputer - 2023,05_Surat Keputusan (SK)/Akreditasi & Sertifikat Akreditasi,05_Surat Keputusan (SK)/Akreditasi & Sertifikat Akreditasi/sk-s2-teknik-informatika-dan-komputer-2023.pdf
Teknik Informatika dan Komputer/surat-keterangan-2.pdf,Teknik Informatika dan Komputer,Surat Keterangan,"08_Surat (Keterangan, Pernyataan, Permohonan)","08_Surat (Keterangan, Pernyataan, Permohonan)/surat-keterangan-2.pdf"
Teknologi GAME/2022-sertifikat-akreditasi-d4-teknologi-game-final.pdf,Teknologi GAME,2022-Sertifikat Akreditasi D4 Teknologi Game (Final),05_Surat Keputusan (SK)/Akreditasi & Sertifikat Akreditasi,05_Surat Keputusan (SK)/Akreditasi & Sertifikat Akreditasi/2022-sertifikat-akreditasi-d4-teknologi-game-final.pdf
Teknologi GAME/perpanjangan-akreditasi-otomatis-15.pdf,Teknologi GAME,Perpanjangan Akreditasi Otomatis,03_Peraturan & Keputusan Menteri,03_Peraturan & Keputusan Menteri/perpanjangan-akreditasi-otomatis-15.pdf
Teknologi GAME/sk-ban-pt-d4-game-05-sep-2017-05-sep-2022.pdf,Teknologi GAME,SK-BAN-PT-D4-GAME 05 Sep 2017 - 05 Sep 2022,05_Surat Keputusan (SK)/Akreditasi & Sertifikat Akreditasi,05_Surat Keputusan (SK)/Akreditasi & Sertifikat Akreditasi/sk-ban-pt-d4-game-05-sep-2017-05-sep-2022.pdf
Teknologi GAME/sk-ban-pt-d4-teknologi-game-15-desember-2022-15-desember-2027.pdf,Teknologi GAME,SK-BAN-PT-D4-Teknologi Game 15 Desember 2022 - 15 Desember 2027,05_Surat Keputusan (SK)/Akreditasi & Sertifikat Akreditasi,05_Surat Keputusan (SK)/Akreditasi & Sertifikat Akreditasi/sk-ban-pt-d4-teknologi-game-15-desember-2022-15-desember-2027.pdf
Teknologi GAME/sk-d4-teknologi-game-2022-lam.pdf,Teknologi GAME,SK D4 Teknologi Game - 2022 LAM,05_Surat Keputusan (SK)/Akreditasi & Sertifikat Akreditasi,05_Surat Keputusan (SK)/Akreditasi & Sertifikat Akreditasi/sk-d4-teknologi-game-2022-lam.pdf
Teknologi Game/izin-penyelenggara-program-studi-d4-teknologi-game.pdf,Teknologi Game,Izin Penyelenggara Program Studi D4 Teknologi Game,05_Surat Keputusan (SK)/Pendirian & Izin Program Studi,05_Surat Keputusan (SK)/Pendirian & Izin Program Studi/izin-penyelenggara-program-studi-d4-teknologi-game.pdf
Teknologi Rekayasa Internet/2021-salinan-kepmen-pembukaan-prodi-teknologi-rekayasa-internet-politeknik-elektronika-negeri-surabaya.pdf,Teknologi Rekayasa Internet,2021 Salinan Kepmen - Pembukaan Prodi Teknologi Rekayasa Internet Politeknik Elektronika Negeri Surabaya,03_Peraturan & Keputusan Menteri,03_Peraturan & Keputusan Menteri/2021-salinan-kepmen-pembukaan-prodi-teknologi-rekayasa-internet-politeknik-elektronika-negeri-surabaya.pdf
Teknologi Rekayasa Internet/sk-lam-infokom-tri-d4-5-desember-2022-5-desember-2027.pdf,Teknologi Rekayasa Internet,SK-LAM-INFOKOM-TRI-D4 5 Desember 2022 - 5 Desember 2027,05_Surat Keputusan (SK)/Akreditasi & Sertifikat Akreditasi,05_Surat Keputusan (SK)/Akreditasi & Sertifikat Akreditasi/sk-lam-infokom-tri-d4-5-desember-2022-5-desember-2027.pdf
Teknologi Rekayasa Internet/sk-pendirian-tri-2021-2.pdf,Teknologi Rekayasa Internet,SK-PENDIRIAN-TRI-2021,05_Surat Keputusan (SK)/Pendirian & Izin Program Studi,05_Surat Keputusan (SK)/Pendirian & Izin Program Studi/sk-pendirian-tri-2021-2.pdf
Teknologi Rekayasa Keselamatan/0174-b1-hk-03-00-2026-salinan-keputusan-mendiktisaintek-nomor-50-b-o-2026_ijin-prodi-str-trk-k3.pdf,Teknologi Rekayasa Keselamatan,0174-B1-HK.03.00-2026-Salinan Keputusan Mendiktisaintek Nomor 50-B-O-2026_Ijin Prodi STr TRK-K3,03_Peraturan & Keputusan Menteri,03_Peraturan & Keputusan Menteri/0174-b1-hk-03-00-2026-salinan-keputusan-mendiktisaintek-nomor-50-b-o-2026_ijin-prodi-str-trk-k3.pdf
Teknologi Rekayasa Multimedia/sertifikat-akreditasi-sarjana-terapan-teknologi-rekayasa-multimedia-2025-2030-lam-infokom.pdf,Teknologi Rekayasa Multimedia,Sertifikat Akreditasi Sarjana Terapan Teknologi Rekayasa Multimedia (2025-2030) LAM INFOKOM,05_Surat Keputusan (SK)/Akreditasi & Sertifikat Akreditasi,05_Surat Keputusan (SK)/Akreditasi & Sertifikat Akreditasi/sertifikat-akreditasi-sarjana-terapan-teknologi-rekayasa-multimedia-2025-2030-lam-infokom.pdf
Teknologi Rekayasa Multimedia/sk-akreditasi-sarjana-terapan-teknologi-rekayasa-multimedia-2025-2030-lam-infokom.pdf,Teknologi Rekayasa Multimedia,SK Akreditasi Sarjana Terapan Teknologi Rekayasa Multimedia (2025-2030) LAM INFOKOM,05_Surat Keputusan (SK)/Akreditasi & Sertifikat Akreditasi,05_Surat Keputusan (SK)/Akreditasi & Sertifikat Akreditasi/sk-akreditasi-sarjana-terapan-teknologi-rekayasa-multimedia-2025-2030-lam-infokom.pdf
Teknologi Rekayasa Multimedia/sk-ban-pt-sarjana-terapan-trm-2022-2027.pdf,Teknologi Rekayasa Multimedia,SK BAN-PT Sarjana Terapan TRM (2022-2027),05_Surat Keputusan (SK)/Akreditasi & Sertifikat Akreditasi,05_Surat Keputusan (SK)/Akreditasi & Sertifikat Akreditasi/sk-ban-pt-sarjana-terapan-trm-2022-2027.pdf
Teknologi Rekayasa Multimedia/sk-izin-pembukaan-program-studi-d4-trm.pdf,Teknologi Rekayasa Multimedia,SK Izin Pembukaan Program Studi D4 TRM,05_Surat Keputusan (SK)/Pendirian & Izin Program Studi,05_Surat Keputusan (SK)/Pendirian & Izin Program Studi/sk-izin-pembukaan-program-studi-d4-trm.pdf
Teknologi Rekayasa Multimedia/sk-pendirian-trm-2021-2.pdf,Teknologi Rekayasa Multimedia,SK-PENDIRIAN-TRM-2021,05_Surat Keputusan (SK)/Pendirian & Izin Program Studi,05_Surat Keputusan (SK)/Pendirian & Izin Program Studi/sk-pendirian-trm-2021-2.pdf
Teknologi Rekayasa Multimedia/surat_sertifikat_laminfokom.pdf,Teknologi Rekayasa Multimedia,Surat_Sertifikat_LAMINFOKOM,05_Surat Keputusan (SK)/Akreditasi & Sertifikat Akreditasi,05_Surat Keputusan (SK)/Akreditasi & Sertifikat Akreditasi/surat_sertifikat_laminfokom.pdf
Teknologi Rekayasa Multimedia/surat_sk_akreditasi-2023-2028.pdf,Teknologi Rekayasa Multimedia,Surat_SK_Akreditasi (2023-2028),05_Surat Keputusan (SK)/Akreditasi & Sertifikat Akreditasi,05_Surat Keputusan (SK)/Akreditasi & Sertifikat Akreditasi/surat_sk_akreditasi-2023-2028.pdf
Teknologi Rekayasa Perancangan Manufaktur/2025-salinan-kepmendiktisaintek-tentang-prodi-bisnis-digital-dan-teknologi-rekayasa.pdf,Teknologi Rekayasa Perancangan Manufaktur,2025- Salinan KepMendiktisaintek Tentang Prodi Bisnis Digital dan Teknologi Rekayasa,03_Peraturan & Keputusan Menteri,03_Peraturan & Keputusan Menteri/2025-salinan-kepmendiktisaintek-tentang-prodi-bisnis-digital-dan-teknologi-rekayasa.pdf
Telekomunikasi/1996-sk-penyelengaraan-program-ekstensi-elka-telkom-listrik-2.pdf,Telekomunikasi,"1996 - SK - Penyelengaraan Program Ekstensi (Elka, Telkom, Listrik)",05_Surat Keputusan (SK)/Pendirian & Izin Program Studi,05_Surat Keputusan (SK)/Pendirian & Izin Program Studi/1996-sk-penyelengaraan-program-ekstensi-elka-telkom-listrik-2.pdf
Telekomunikasi/1999-sk-pembentukan-prodi-d4-elka-telkom-listrik-2.pdf,Telekomunikasi,"1999 - SK - Pembentukan Prodi D4 (Elka, Telkom, Listrik)",05_Surat Keputusan (SK)/Pendirian & Izin Program Studi,05_Surat Keputusan (SK)/Pendirian & Izin Program Studi/1999-sk-pembentukan-prodi-d4-elka-telkom-listrik-2.pdf
UMPN/sk-hasil-seleksi-umpn.pdf,UMPN,SK HASIL SELEKSI UMPN,05_Surat Keputusan (SK)/Penerimaan Mahasiswa Baru,05_Surat Keputusan (SK)/Penerimaan Mahasiswa Baru/sk-hasil-seleksi-umpn.pdf
